id,device_code,uuid,mode,mean,hrv_pnn50,hrv_rmssd,hr_mean,status_basic,status_sliding,response_body,created_at,row_number
919,6D18B021,9a189fbc-6fc4-421a-a821-158b368e8035,hrv,,80.9523809524,824.378553821,78.56,success,success,"{'HRV': {'HRV_S': {'0': 1110455.126192902}, 'HRV_AI': {'0': 51.0235201919}, 'HRV_Ca': {'0': 0.4643021985}, 'HRV_Cd': {'0': 0.5356978015}, 'HRV_GI': {'0': 50}, 'HRV_HF': {'0': 0.1311187373}, 'HRV_LF': {'0': None}, 'HRV_PI': {'0': 50}, 'HRV_SI': {'0': 48.9158696501}, 'HRV_C1a': {'0': 0.4394643908}, 'HRV_C1d': {'0': 0.5605356092}, 'HRV_C2a': {'0': 0.4897359555}, 'HRV_C2d': {'0': 0.5102640445}, 'HRV_CSI': {'0': 0.9882148399}, 'HRV_CVI': {'0': 6.7524711232}, 'HRV_HFn': {'0': 0.9867416014}, 'HRV_HTI': {'0': 3}, 'HRV_LFn': {'0': None}, 'HRV_PAS': {'0': 0.1666666667}, 'HRV_PIP': {'0': 0.619047619}, 'HRV_PSS': {'0': 1}, 'HRV_SD1': {'0': 598.0670618972}, 'HRV_SD2': {'0': 591.0187458065}, 'HRV_ULF': {'0': None}, 'HRV_VHF': {'0': 0.0017617829}, 'HRV_VLF': {'0': None}, 'HRV_ApEn': {'0': 0.2209103005}, 'HRV_CVNN': {'0': 0.4693331229}, 'HRV_CVSD': {'0': 0.6411833196}, 'HRV_IALS': {'0': 0.6666666667}, 'HRV_LFHF': {'0': None}, 'HRV_LnHF': {'0': -2.0316519749}, 'HRV_SD1a': {'0': 396.47127725}, 'HRV_SD1d': {'0': 447.7663864585}, 'HRV_SD2a': {'0': 413.6016390072}, 'HRV_SD2d': {'0': 422.1810537024}, 'HRV_SDNN': {'0': 603.4283008657}, 'HRV_SDSD': {'0': 845.7945501436}, 'HRV_TINN': {'0': 1720}, 'HRV_IQRNN': {'0': 1120}, 'HRV_MCVNN': {'0': 0.7413}, 'HRV_MadNN': {'0': 830.256}, 'HRV_RMSSD': {'0': 824.378553821}, 'HRV_SDNNa': {'0': 405.1270106236}, 'HRV_SDNNd': {'0': 435.1617968913}, 'HRV_pNN20': {'0': 80.9523809524}, 'HRV_pNN50': {'0': 80.9523809524}, 'HRV_MeanNN': {'0': 1285.7142857143}, 'HRV_SD1SD2': {'0': 1.0119257065}, 'HRV_SampEn': {'0': 0.980829253}, 'HRV_MedianNN': {'0': 1120}, 'HRV_CSI_Modified': {'0': 2336.2139809986}}, 'mode': 'hrv', 'uuid': '9a189fbc-6fc4-421a-a821-158b368e8035', 'device': '6D18B021', 'hr_mean': 78.56, 'message': ''}",2021-06-08 05:59:16.437949+00:00,1
920,6D18B021,9a189fbc-6fc4-421a-a821-158b368e8035,hrv,,84.2105263158,536.4492313144,78.67,success,success,"{'HRV': {'HRV_S': {'0': 823274.3384938297}, 'HRV_AI': {'0': 49.1701268989}, 'HRV_Ca': {'0': 0.4056474546}, 'HRV_Cd': {'0': 0.5943525454}, 'HRV_GI': {'0': 50}, 'HRV_HF': {'0': 0.0498887684}, 'HRV_LF': {'0': None}, 'HRV_PI': {'0': 38.8888888889}, 'HRV_SI': {'0': 51.0591437646}, 'HRV_C1a': {'0': 0.5867181467}, 'HRV_C1d': {'0': 0.4132818533}, 'HRV_C2a': {'0': 0.3444461845}, 'HRV_C2d': {'0': 0.6555538155}, 'HRV_CSI': {'0': 1.7200610567}, 'HRV_CVI': {'0': 6.6225146886}, 'HRV_HFn': {'0': 0.9759204901}, 'HRV_HTI': {'0': 2.1111111111}, 'HRV_LFn': {'0': None}, 'HRV_PAS': {'0': 0.6666666667}, 'HRV_PIP': {'0': 0.6842105263}, 'HRV_PSS': {'0': 0.9285714286}, 'HRV_SD1': {'0': 390.3241488513}, 'HRV_SD2': {'0': 671.3813679098}, 'HRV_ULF': {'0': None}, 'HRV_VHF': {'0': 0.0012309375}, 'HRV_VLF': {'0': None}, 'HRV_ApEn': {'0': 0.3220611061}, 'HRV_CVNN': {'0': 0.3379589175}, 'HRV_CVSD': {'0': 0.330711726}, 'HRV_IALS': {'0': 0.7777777778}, 'HRV_LFHF': {'0': None}, 'HRV_LnHF': {'0': -2.9979593839}, 'HRV_SD1a': {'0': 298.978653576}, 'HRV_SD1d': {'0': 250.9276905452}, 'HRV_SD2a': {'0': 394.0306215498}, 'HRV_SD2d': {'0': 543.5925040483}, 'HRV_SDNN': {'0': 548.204938842}, 'HRV_SDSD': {'0': 552.0017050272}, 'HRV_TINN': {'0': 1380}, 'HRV_IQRNN': {'0': 1010}, 'HRV_MCVNN': {'0': 0.220812766}, 'HRV_MadNN': {'0': 415.128}, 'HRV_RMSSD': {'0': 536.4492313144}, 'HRV_SDNNa': {'0': 349.7487426804}, 'HRV_SDNNd': {'0': 423.3541758031}, 'HRV_pNN20': {'0': 89.4736842105}, 'HRV_pNN50': {'0': 84.2105263158}, 'HRV_MeanNN': {'0': 1622.1052631579}, 'HRV_SD1SD2': {'0': 0.5813747112}, 'HRV_SampEn': {'0': 0.6931471806}, 'HRV_MedianNN': {'0': 1880}, 'HRV_CSI_Modified': {'0': 4619.2677804132}}, 'mode': 'hrv', 'uuid': '9a189fbc-6fc4-421a-a821-158b368e8035', 'device': '6D18B021', 'hr_mean': 78.67, 'message': ''}",2021-06-08 05:59:25.385457+00:00,2
921,6D18B021,9a189fbc-6fc4-421a-a821-158b368e8035,hrv,,89.4736842105,627.5525653061,77.62,success,success,"{'HRV': {'HRV_S': {'0': 1005461.817056876}, 'HRV_AI': {'0': 48.8492365407}, 'HRV_Ca': {'0': 0.5067686446}, 'HRV_Cd': {'0': 0.4932313554}, 'HRV_GI': {'0': 49.0825688073}, 'HRV_HF': {'0': 0.045879291}, 'HRV_LF': {'0': None}, 'HRV_PI': {'0': 50}, 'HRV_SI': {'0': 49.094941888}, 'HRV_C1a': {'0': 0.5038934657}, 'HRV_C1d': {'0': 0.4961065343}, 'HRV_C2a': {'0': 0.5079885718}, 'HRV_C2d': {'0': 0.4920114282}, 'HRV_CSI': {'0': 1.5353558374}, 'HRV_CVI': {'0': 6.7093356926}, 'HRV_HFn': {'0': 0.9493219431}, 'HRV_HTI': {'0': 2.375}, 'HRV_LFn': {'0': None}, 'HRV_PAS': {'0': 0.1666666667}, 'HRV_PIP': {'0': 0.5789473684}, 'HRV_PSS': {'0': 0.9166666667}, 'HRV_SD1': {'0': 456.5657538424}, 'HRV_SD2': {'0': 700.9908953004}, 'HRV_ULF': {'0': None}, 'HRV_VHF': {'0': 0.0024491937}, 'HRV_VLF': {'0': None}, 'HRV_ApEn': {'0': 0.1621825019}, 'HRV_CVNN': {'0': 0.376786471}, 'HRV_CVSD': {'0': 0.4003861229}, 'HRV_IALS': {'0': 0.6666666667}, 'HRV_LFHF': {'0': None}, 'HRV_LnHF': {'0': -3.0817414407}, 'HRV_SD1a': {'0': 324.127788888}, 'HRV_SD1d': {'0': 321.6135788763}, 'HRV_SD2a': {'0': 499.6194630348}, 'HRV_SD2d': {'0': 491.699733019}, 'HRV_SDNN': {'0': 590.5632161595}, 'HRV_SDSD': {'0': 645.681481199}, 'HRV_TINN': {'0': 1820}, 'HRV_IQRNN': {'0': 980}, 'HRV_MCVNN': {'0': 0.4633125}, 'HRV_MadNN': {'0': 741.3}, 'HRV_RMSSD': {'0': 627.5525653061}, 'HRV_SDNNa': {'0': 421.1166295532}, 'HRV_SDNNd': {'0': 415.4539213731}, 'HRV_pNN20': {'0': 94.7368421053}, 'HRV_pNN50': {'0': 89.4736842105}, 'HRV_MeanNN': {'0': 1567.3684210526}, 'HRV_SD1SD2': {'0': 0.6513148129}, 'HRV_SampEn': {'0': 0.8109302162}, 'HRV_MedianNN': {'0': 1600}, 'HRV_CSI_Modified': {'0': 4305.0818521418}}, 'mode': 'hrv', 'uuid': '9a189fbc-6fc4-421a-a821-158b368e8035', 'device': '6D18B021', 'hr_mean': 77.62, 'message': ''}",2021-06-08 05:59:37.366489+00:00,3
922,6D18B021,9a189fbc-6fc4-421a-a821-158b368e8035,hrv,,85.7142857143,669.6416952371,76.66,success,success,"{'HRV': {'HRV_S': {'0': 1115085.278117019}, 'HRV_AI': {'0': 44.0146799978}, 'HRV_Ca': {'0': 0.6043304382}, 'HRV_Cd': {'0': 0.3956695618}, 'HRV_GI': {'0': 43.469785575}, 'HRV_HF': {'0': 0.0534628696}, 'HRV_LF': {'0': None}, 'HRV_PI': {'0': 55}, 'HRV_SI': {'0': 42.1324221113}, 'HRV_C1a': {'0': 0.5578698542}, 'HRV_C1d': {'0': 0.4421301458}, 'HRV_C2a': {'0': 0.6246662489}, 'HRV_C2d': {'0': 0.3753337511}, 'HRV_CSI': {'0': 1.5191348861}, 'HRV_CVI': {'0': 6.7542781921}, 'HRV_HFn': {'0': 0.9281484098}, 'HRV_HTI': {'0': 2.3333333333}, 'HRV_LFn': {'0': None}, 'HRV_PAS': {'0': 0}, 'HRV_PIP': {'0': 0.4285714286}, 'HRV_PSS': {'0': 0.7}, 'HRV_SD1': {'0': 483.3713838622}, 'HRV_SD2': {'0': 734.3063321759}, 'HRV_ULF': {'0': None}, 'HRV_VHF': {'0': 0.0041387694}, 'HRV_VLF': {'0': None}, 'HRV_ApEn': {'0': 0.3163874257}, 'HRV_CVNN': {'0': 0.4285942143}, 'HRV_CVSD': {'0': 0.4586586954}, 'HRV_IALS': {'0': 0.5}, 'HRV_LFHF': {'0': None}, 'HRV_LnHF': {'0': -2.9287678918}, 'HRV_SD1a': {'0': 362.8541826888}, 'HRV_SD1d': {'0': 323.0284328369}, 'HRV_SD2a': {'0': 580.3651074063}, 'HRV_SD2d': {'0': 449.8690160246}, 'HRV_SDNN': {'0': 625.7475529317}, 'HRV_SDSD': {'0': 683.590366721}, 'HRV_TINN': {'0': 1720}, 'HRV_IQRNN': {'0': 1100}, 'HRV_MCVNN': {'0': 0.5583818182}, 'HRV_MadNN': {'0': 859.908}, 'HRV_RMSSD': {'0': 669.6416952371}, 'HRV_SDNNa': {'0': 483.986991452}, 'HRV_SDNNd': {'0': 391.6181175584}, 'HRV_pNN20': {'0': 85.7142857143}, 'HRV_pNN50': {'0': 85.7142857143}, 'HRV_MeanNN': {'0': 1460}, 'HRV_SD1SD2': {'0': 0.6582693934}, 'HRV_SampEn': {'0': 1.0986122887}, 'HRV_MedianNN': {'0': 1540}, 'HRV_CSI_Modified': {'0': 4462.0414652219}}, 'mode': 'hrv', 'uuid': '9a189fbc-6fc4-421a-a821-158b368e8035', 'device': '6D18B021', 'hr_mean': 76.66, 'message': ''}",2021-06-08 05:59:49.815371+00:00,4
923,6D18B021,9a189fbc-6fc4-421a-a821-158b368e8035,hrv,,88.4615384615,562.9777970755,78.71,success,success,"{'HRV': {'HRV_S': {'0': 784224.2954829205}, 'HRV_AI': {'0': 44.2148500239}, 'HRV_Ca': {'0': 0.5963270079}, 'HRV_Cd': {'0': 0.4036729921}, 'HRV_GI': {'0': 44.5217391304}, 'HRV_HF': {'0': 0.0633567825}, 'HRV_LF': {'0': None}, 'HRV_PI': {'0': 54.1666666667}, 'HRV_SI': {'0': 45.1098137186}, 'HRV_C1a': {'0': 0.5826139633}, 'HRV_C1d': {'0': 0.4173860367}, 'HRV_C2a': {'0': 0.6022756928}, 'HRV_C2d': {'0': 0.3977243072}, 'HRV_CSI': {'0': 1.5244170834}, 'HRV_CVI': {'0': 6.6014104027}, 'HRV_HFn': {'0': 0.9637205138}, 'HRV_HTI': {'0': 2.8888888889}, 'HRV_LFn': {'0': None}, 'HRV_PAS': {'0': 0.3333333333}, 'HRV_PIP': {'0': 0.6153846154}, 'HRV_PSS': {'0': 0.875}, 'HRV_SD1': {'0': 404.6628226067}, 'HRV_SD2': {'0': 616.8749197906}, 'HRV_ULF': {'0': None}, 'HRV_VHF': {'0': 0.002385081}, 'HRV_VLF': {'0': None}, 'HRV_ApEn': {'0': 0.3406348053}, 'HRV_CVNN': {'0': 0.4594479725}, 'HRV_CVSD': {'0': 0.4905302521}, 'HRV_IALS': {'0': 0.6666666667}, 'HRV_LFHF': {'0': None}, 'HRV_LnHF': {'0': -2.7589733139}, 'HRV_SD1a': {'0': 310.1209441492}, 'HRV_SD1d': {'0': 262.4880949681}, 'HRV_SD2a': {'0': 478.7345611088}, 'HRV_SD2d': {'0': 389.0345571626}, 'HRV_SDNN': {'0': 527.3049037686}, 'HRV_SDSD': {'0': 572.2796519185}, 'HRV_TINN': {'0': 1860}, 'HRV_IQRNN': {'0': 725}, 'HRV_MCVNN': {'0': 0.5523411765}, 'HRV_MadNN': {'0': 563.388}, 'HRV_RMSSD': {'0': 562.9777970755}, 'HRV_SDNNa': {'0': 403.3371914416}, 'HRV_SDNNd': {'0': 331.8492780365}, 'HRV_pNN20': {'0': 88.4615384615}, 'HRV_pNN50': {'0': 88.4615384615}, 'HRV_MeanNN': {'0': 1147.6923076923}, 'HRV_SD1SD2': {'0': 0.6559884502}, 'HRV_SampEn': {'0': 1.7047480922}, 'HRV_MedianNN': {'0': 1020}, 'HRV_CSI_Modified': {'0': 3761.4986641512}}, 'mode': 'hrv', 'uuid': '9a189fbc-6fc4-421a-a821-158b368e8035', 'device': '6D18B021', 'hr_mean': 78.71, 'message': ''}",2021-06-08 06:00:01.528208+00:00,5
924,6D18B021,9a189fbc-6fc4-421a-a821-158b368e8035,hrv,,90.4761904762,675.8846055356,77.58,success,success,"{'HRV': {'HRV_S': {'0': 925933.4444575204}, 'HRV_AI': {'0': 51.8816086994}, 'HRV_Ca': {'0': 0.4675140334}, 'HRV_Cd': {'0': 0.5324859666}, 'HRV_GI': {'0': 52.3020257827}, 'HRV_HF': {'0': 0.0291830885}, 'HRV_LF': {'0': None}, 'HRV_PI': {'0': 45}, 'HRV_SI': {'0': 52.9013780667}, 'HRV_C1a': {'0': 0.5327700188}, 'HRV_C1d': {'0': 0.4672299812}, 'HRV_C2a': {'0': 0.4241480715}, 'HRV_C2d': {'0': 0.5758519285}, 'HRV_CSI': {'0': 1.2275324405}, 'HRV_CVI': {'0': 6.6735498809}, 'HRV_HFn': {'0': 0.9721625768}, 'HRV_HTI': {'0': 3}, 'HRV_LFn': {'0': None}, 'HRV_PAS': {'0': 0}, 'HRV_PIP': {'0': 0.5238095238}, 'HRV_PSS': {'0': 0.8333333333}, 'HRV_SD1': {'0': 490.0026852773}, 'HRV_SD2': {'0': 601.4941921232}, 'HRV_ULF': {'0': None}, 'HRV_VHF': {'0': 0.0008356442}, 'HRV_VLF': {'0': None}, 'HRV_ApEn': {'0': 0.2304475953}, 'HRV_CVNN': {'0': 0.3863161317}, 'HRV_CVSD': {'0': 0.4814646105}, 'HRV_IALS': {'0': 0.6}, 'HRV_LFHF': {'0': None}, 'HRV_LnHF': {'0': -3.5341658984}, 'HRV_SD1a': {'0': 357.9032506727}, 'HRV_SD1d': {'0': 335.1668869463}, 'HRV_SD2a': {'0': 391.7330253603}, 'HRV_SD2d': {'0': 456.4433152101}, 'HRV_SDNN': {'0': 542.3142648915}, 'HRV_SDSD': {'0': 692.9684431184}, 'HRV_TINN': {'0': 1560}, 'HRV_IQRNN': {'0': 980}, 'HRV_MCVNN': {'0': 0.440146875}, 'HRV_MadNN': {'0': 563.388}, 'HRV_RMSSD': {'0': 675.8846055356}, 'HRV_SDNNa': {'0': 375.1996135392}, 'HRV_SDNNd': {'0': 400.4231150329}, 'HRV_pNN20': {'0': 95.2380952381}, 'HRV_pNN50': {'0': 90.4761904762}, 'HRV_MeanNN': {'0': 1403.8095238095}, 'HRV_SD1SD2': {'0': 0.8146424216}, 'HRV_SampEn': {'0': 1.2527629685}, 'HRV_MedianNN': {'0': 1280}, 'HRV_CSI_Modified': {'0': 2953.4145344788}}, 'mode': 'hrv', 'uuid': '9a189fbc-6fc4-421a-a821-158b368e8035', 'device': '6D18B021', 'hr_mean': 77.58, 'message': ''}",2021-06-08 06:00:13.651919+00:00,6
925,6D18B021,9a189fbc-6fc4-421a-a821-158b368e8035,hrv,,82.3529411765,643.7973283573,76.48,success,success,"{'HRV': {'HRV_S': {'0': 943860.0063691692}, 'HRV_AI': {'0': 56.6648524349}, 'HRV_Ca': {'0': 0.3158848011}, 'HRV_Cd': {'0': 0.6841151989}, 'HRV_GI': {'0': 58.8235294118}, 'HRV_HF': {'0': 0.050646381}, 'HRV_LF': {'0': None}, 'HRV_PI': {'0': 31.25}, 'HRV_SI': {'0': 61.3326995129}, 'HRV_C1a': {'0': 0.5319379938}, 'HRV_C1d': {'0': 0.4680620062}, 'HRV_C2a': {'0': 0.2006742678}, 'HRV_C2d': {'0': 0.7993257322}, 'HRV_CSI': {'0': 1.3797736866}, 'HRV_CVI': {'0': 6.6818776943}, 'HRV_HFn': {'0': 0.9930543427}, 'HRV_HTI': {'0': 1.8888888889}, 'HRV_LFn': {'0': None}, 'HRV_PAS': {'0': 0}, 'HRV_PIP': {'0': 0.4705882353}, 'HRV_PSS': {'0': 0.7777777778}, 'HRV_SD1': {'0': 466.632439221}, 'HRV_SD2': {'0': 643.8471609526}, 'HRV_ULF': {'0': None}, 'HRV_VHF': {'0': 0.0003542328}, 'HRV_VLF': {'0': None}, 'HRV_ApEn': {'0': 0.3351122266}, 'HRV_CVNN': {'0': 0.328710164}, 'HRV_CVSD': {'0': 0.3692494798}, 'HRV_IALS': {'0': 0.5625}, 'HRV_LFHF': {'0': None}, 'HRV_LnHF': {'0': -2.9828875023}, 'HRV_SD1a': {'0': 342.9091230438}, 'HRV_SD1d': {'0': 321.6623488484}, 'HRV_SD2a': {'0': 288.4221623766}, 'HRV_SD2d': {'0': 575.6316729617}, 'HRV_SDNN': {'0': 573.1158388196}, 'HRV_SDSD': {'0': 659.9179241896}, 'HRV_TINN': {'0': 1640}, 'HRV_IQRNN': {'0': 1060}, 'HRV_MCVNN': {'0': 0.0855346154}, 'HRV_MadNN': {'0': 177.912}, 'HRV_RMSSD': {'0': 643.7973283573}, 'HRV_SDNNa': {'0': 316.8390840921}, 'HRV_SDNNd': {'0': 466.2716427059}, 'HRV_pNN20': {'0': 88.2352941176}, 'HRV_pNN50': {'0': 82.3529411765}, 'HRV_MeanNN': {'0': 1743.5294117647}, 'HRV_SD1SD2': {'0': 0.7247565378}, 'HRV_SampEn': {'0': 1.5040773968}, 'HRV_MedianNN': {'0': 2080}, 'HRV_CSI_Modified': {'0': 3553.4534835058}}, 'mode': 'hrv', 'uuid': '9a189fbc-6fc4-421a-a821-158b368e8035', 'device': '6D18B021', 'hr_mean': 76.48, 'message': ''}",2021-06-08 06:00:25.825530+00:00,7
926,6D18B021,9a189fbc-6fc4-421a-a821-158b368e8035,hrv,,80.0,507.2111571079,78.3,success,success,"{'HRV': {'HRV_S': {'0': 727984.8038251678}, 'HRV_AI': {'0': 39.8368139897}, 'HRV_Ca': {'0': 0.4879133852}, 'HRV_Cd': {'0': 0.5120866148}, 'HRV_GI': {'0': 42.0765027322}, 'HRV_HF': {'0': 0.0287382424}, 'HRV_LF': {'0': None}, 'HRV_PI': {'0': 47.3684210526}, 'HRV_SI': {'0': 44.2053887918}, 'HRV_C1a': {'0': 0.7009819967}, 'HRV_C1d': {'0': 0.2990180033}, 'HRV_C2a': {'0': 0.4158203071}, 'HRV_C2d': {'0': 0.5841796929}, 'HRV_CSI': {'0': 1.7317379016}, 'HRV_CVI': {'0': 6.5690924238}, 'HRV_HFn': {'0': 0.9472295322}, 'HRV_HTI': {'0': 2.5}, 'HRV_LFn': {'0': None}, 'HRV_PAS': {'0': 0.2}, 'HRV_PIP': {'0': 0.5}, 'HRV_PSS': {'0': 0.9090909091}, 'HRV_SD1': {'0': 365.8012114739}, 'HRV_SD2': {'0': 633.471822347}, 'HRV_ULF': {'0': None}, 'HRV_VHF': {'0': 0.0016010169}, 'HRV_VLF': {'0': None}, 'HRV_ApEn': {'0': 0.2034484075}, 'HRV_CVNN': {'0': 0.3667960606}, 'HRV_CVSD': {'0': 0.3564379179}, 'HRV_IALS': {'0': 0.5789473684}, 'HRV_LFHF': {'0': None}, 'HRV_LnHF': {'0': -3.5495265552}, 'HRV_SD1a': {'0': 308.5089589911}, 'HRV_SD1d': {'0': 201.4944167961}, 'HRV_SD2a': {'0': 408.4887958529}, 'HRV_SD2d': {'0': 484.1729581155}, 'HRV_SDNN': {'0': 521.9507942124}, 'HRV_SDSD': {'0': 517.3210343989}, 'HRV_TINN': {'0': 1480}, 'HRV_IQRNN': {'0': 955}, 'HRV_MCVNN': {'0': 0.6436093023}, 'HRV_MadNN': {'0': 830.256}, 'HRV_RMSSD': {'0': 507.2111571079}, 'HRV_SDNNa': {'0': 361.9674530363}, 'HRV_SDNNd': {'0': 370.8257362767}, 'HRV_pNN20': {'0': 90}, 'HRV_pNN50': {'0': 80}, 'HRV_MeanNN': {'0': 1423}, 'HRV_SD1SD2': {'0': 0.57745459}, 'HRV_SampEn': {'0': 1.6094379124}, 'HRV_MedianNN': {'0': 1290}, 'HRV_CSI_Modified': {'0': 4388.0286573213}}, 'mode': 'hrv', 'uuid': '9a189fbc-6fc4-421a-a821-158b368e8035', 'device': '6D18B021', 'hr_mean': 78.3, 'message': ''}",2021-06-08 06:00:40.842296+00:00,8
927,6D18B021,9a189fbc-6fc4-421a-a821-158b368e8035,hrv,,80.0,507.2111571079,78.3,success,success,"{'HRV': {'HRV_S': {'0': 727984.8038251678}, 'HRV_AI': {'0': 39.8368139897}, 'HRV_Ca': {'0': 0.4879133852}, 'HRV_Cd': {'0': 0.5120866148}, 'HRV_GI': {'0': 42.0765027322}, 'HRV_HF': {'0': 0.0287382424}, 'HRV_LF': {'0': None}, 'HRV_PI': {'0': 47.3684210526}, 'HRV_SI': {'0': 44.2053887918}, 'HRV_C1a': {'0': 0.7009819967}, 'HRV_C1d': {'0': 0.2990180033}, 'HRV_C2a': {'0': 0.4158203071}, 'HRV_C2d': {'0': 0.5841796929}, 'HRV_CSI': {'0': 1.7317379016}, 'HRV_CVI': {'0': 6.5690924238}, 'HRV_HFn': {'0': 0.9472295322}, 'HRV_HTI': {'0': 2.5}, 'HRV_LFn': {'0': None}, 'HRV_PAS': {'0': 0.2}, 'HRV_PIP': {'0': 0.5}, 'HRV_PSS': {'0': 0.9090909091}, 'HRV_SD1': {'0': 365.8012114739}, 'HRV_SD2': {'0': 633.471822347}, 'HRV_ULF': {'0': None}, 'HRV_VHF': {'0': 0.0016010169}, 'HRV_VLF': {'0': None}, 'HRV_ApEn': {'0': 0.2034484075}, 'HRV_CVNN': {'0': 0.3667960606}, 'HRV_CVSD': {'0': 0.3564379179}, 'HRV_IALS': {'0': 0.5789473684}, 'HRV_LFHF': {'0': None}, 'HRV_LnHF': {'0': -3.5495265552}, 'HRV_SD1a': {'0': 308.5089589911}, 'HRV_SD1d': {'0': 201.4944167961}, 'HRV_SD2a': {'0': 408.4887958529}, 'HRV_SD2d': {'0': 484.1729581155}, 'HRV_SDNN': {'0': 521.9507942124}, 'HRV_SDSD': {'0': 517.3210343989}, 'HRV_TINN': {'0': 1480}, 'HRV_IQRNN': {'0': 955}, 'HRV_MCVNN': {'0': 0.6436093023}, 'HRV_MadNN': {'0': 830.256}, 'HRV_RMSSD': {'0': 507.2111571079}, 'HRV_SDNNa': {'0': 361.9674530363}, 'HRV_SDNNd': {'0': 370.8257362767}, 'HRV_pNN20': {'0': 90}, 'HRV_pNN50': {'0': 80}, 'HRV_MeanNN': {'0': 1423}, 'HRV_SD1SD2': {'0': 0.57745459}, 'HRV_SampEn': {'0': 1.6094379124}, 'HRV_MedianNN': {'0': 1290}, 'HRV_CSI_Modified': {'0': 4388.0286573213}}, 'mode': 'hrv', 'uuid': '9a189fbc-6fc4-421a-a821-158b368e8035', 'device': '6D18B021', 'hr_mean': 78.3, 'message': ''}",2021-06-08 06:00:42.308270+00:00,9
928,6D18B021,9a189fbc-6fc4-421a-a821-158b368e8035,hrv,,90.0,640.6411262412,79.24,success,success,"{'HRV': {'HRV_S': {'0': 898155.6220392606}, 'HRV_AI': {'0': 43.6561947933}, 'HRV_Ca': {'0': 0.5610568419}, 'HRV_Cd': {'0': 0.4389431581}, 'HRV_GI': {'0': 43.2048681542}, 'HRV_HF': {'0': 0.0567042224}, 'HRV_LF': {'0': None}, 'HRV_PI': {'0': 61.1111111111}, 'HRV_SI': {'0': 42.6310922859}, 'HRV_C1a': {'0': 0.507412157}, 'HRV_C1d': {'0': 0.492587843}, 'HRV_C2a': {'0': 0.5914789481}, 'HRV_C2d': {'0': 0.4085210519}, 'HRV_CSI': {'0': 1.3360306782}, 'HRV_CVI': {'0': 6.6603217027}, 'HRV_HFn': {'0': 0.935720166}, 'HRV_HTI': {'0': 2.5}, 'HRV_LFn': {'0': None}, 'HRV_PAS': {'0': 0.25}, 'HRV_PIP': {'0': 0.65}, 'HRV_PSS': {'0': 0.9230769231}, 'HRV_SD1': {'0': 462.5861702562}, 'HRV_SD2': {'0': 618.0293147725}, 'HRV_ULF': {'0': None}, 'HRV_VHF': {'0': 0.0038953291}, 'HRV_VLF': {'0': None}, 'HRV_ApEn': {'0': 0.166087634}, 'HRV_CVNN': {'0': 0.3720522475}, 'HRV_CVSD': {'0': 0.4296721169}, 'HRV_IALS': {'0': 0.7222222222}, 'HRV_LFHF': {'0': None}, 'HRV_LnHF': {'0': -2.8699066023}, 'HRV_SD1a': {'0': 331.5284469108}, 'HRV_SD1d': {'0': 326.6496594212}, 'HRV_SD2a': {'0': 475.311936906}, 'HRV_SD2d': {'0': 395.0174636048}, 'HRV_SDNN': {'0': 554.7299010851}, 'HRV_SDSD': {'0': 654.1956357425}, 'HRV_TINN': {'0': 1640}, 'HRV_IQRNN': {'0': 925}, 'HRV_MCVNN': {'0': 0.39844875}, 'HRV_MadNN': {'0': 637.518}, 'HRV_RMSSD': {'0': 640.6411262412}, 'HRV_SDNNa': {'0': 409.7758829387}, 'HRV_SDNNd': {'0': 362.4491664722}, 'HRV_pNN20': {'0': 90}, 'HRV_pNN50': {'0': 90}, 'HRV_MeanNN': {'0': 1491}, 'HRV_SD1SD2': {'0': 0.7484858067}, 'HRV_SampEn': {'0': 0.980829253}, 'HRV_MedianNN': {'0': 1600}, 'HRV_CSI_Modified': {'0': 3302.8244982473}}, 'mode': 'hrv', 'uuid': '9a189fbc-6fc4-421a-a821-158b368e8035', 'device': '6D18B021', 'hr_mean': 79.24, 'message': ''}",2021-06-08 06:00:50.421856+00:00,10
929,6D18B021,9a189fbc-6fc4-421a-a821-158b368e8035,hrv,,96.5517241379,639.6092557179,80.21,success,success,"{'HRV': {'HRV_S': {'0': 758511.6075097605}, 'HRV_AI': {'0': 50.2867068182}, 'HRV_Ca': {'0': 0.5683032399}, 'HRV_Cd': {'0': 0.4316967601}, 'HRV_GI': {'0': 49.4086727989}, 'HRV_HF': {'0': 0.0815424104}, 'HRV_LF': {'0': None}, 'HRV_PI': {'0': 57.1428571429}, 'HRV_SI': {'0': 48.23449717}, 'HRV_C1a': {'0': 0.4629325698}, 'HRV_C1d': {'0': 0.5370674302}, 'HRV_C2a': {'0': 0.6496309704}, 'HRV_C2d': {'0': 0.3503690296}, 'HRV_CSI': {'0': 1.1383150592}, 'HRV_CVI': {'0': 6.5869323411}, 'HRV_HFn': {'0': 0.9449689641}, 'HRV_HTI': {'0': 3.625}, 'HRV_LFn': {'0': None}, 'HRV_PAS': {'0': 0.25}, 'HRV_PIP': {'0': 0.6551724138}, 'HRV_PSS': {'0': 0.95}, 'HRV_SD1': {'0': 460.5480402244}, 'HRV_SD2': {'0': 524.2487696569}, 'HRV_ULF': {'0': None}, 'HRV_VHF': {'0': 0.0047486886}, 'HRV_VLF': {'0': None}, 'HRV_ApEn': {'0': 0.3686686246}, 'HRV_CVNN': {'0': 0.4626400073}, 'HRV_CVSD': {'0': 0.6045850201}, 'HRV_IALS': {'0': 0.7142857143}, 'HRV_LFHF': {'0': None}, 'HRV_LnHF': {'0': -2.5066320207}, 'HRV_SD1a': {'0': 313.3687923198}, 'HRV_SD1d': {'0': 337.5291482612}, 'HRV_SD2a': {'0': 422.5428726341}, 'HRV_SD2d': {'0': 310.3132180118}, 'HRV_SDNN': {'0': 489.4412215574}, 'HRV_SDSD': {'0': 651.3132846096}, 'HRV_TINN': {'0': 1800}, 'HRV_IQRNN': {'0': 740}, 'HRV_MCVNN': {'0': 0.5271466667}, 'HRV_MadNN': {'0': 474.432}, 'HRV_RMSSD': {'0': 639.6092557179}, 'HRV_SDNNa': {'0': 371.9828485387}, 'HRV_SDNNd': {'0': 324.2068932015}, 'HRV_pNN20': {'0': 96.5517241379}, 'HRV_pNN50': {'0': 96.5517241379}, 'HRV_MeanNN': {'0': 1057.9310344828}, 'HRV_SD1SD2': {'0': 0.8784914088}, 'HRV_SampEn': {'0': 1.7047480922}, 'HRV_MedianNN': {'0': 900}, 'HRV_CSI_Modified': {'0': 2387.0410769993}}, 'mode': 'hrv', 'uuid': '9a189fbc-6fc4-421a-a821-158b368e8035', 'device': '6D18B021', 'hr_mean': 80.21, 'message': ''}",2021-06-08 06:01:01.850633+00:00,11
930,6D18B021,9a189fbc-6fc4-421a-a821-158b368e8035,hrv,,91.6666666667,672.3611865786,75.53,success,success,"{'HRV': {'HRV_S': {'0': 733096.0251475072}, 'HRV_AI': {'0': 53.9024883239}, 'HRV_Ca': {'0': 0.4778491411}, 'HRV_Cd': {'0': 0.5221508589}, 'HRV_GI': {'0': 53.4431137725}, 'HRV_HF': {'0': 0.1291001142}, 'HRV_LF': {'0': None}, 'HRV_PI': {'0': 43.4782608696}, 'HRV_SI': {'0': 53.6256999339}, 'HRV_C1a': {'0': 0.5225436639}, 'HRV_C1d': {'0': 0.4774563361}, 'HRV_C2a': {'0': 0.4321767905}, 'HRV_C2d': {'0': 0.5678232095}, 'HRV_CSI': {'0': 0.990992524}, 'HRV_CVI': {'0': 6.5721309747}, 'HRV_HFn': {'0': 0.8989621783}, 'HRV_HTI': {'0': 4}, 'HRV_LFn': {'0': None}, 'HRV_PAS': {'0': 0.125}, 'HRV_PIP': {'0': 0.5416666667}, 'HRV_PSS': {'0': 0.9285714286}, 'HRV_SD1': {'0': 485.2553217356}, 'HRV_SD2': {'0': 480.8843960575}, 'HRV_ULF': {'0': None}, 'HRV_VHF': {'0': 0.0145100591}, 'HRV_VLF': {'0': None}, 'HRV_ApEn': {'0': 0.0760955732}, 'HRV_CVNN': {'0': 0.4224317772}, 'HRV_CVSD': {'0': 0.5702002996}, 'HRV_IALS': {'0': 0.6086956522}, 'HRV_LFHF': {'0': None}, 'HRV_LnHF': {'0': -2.0471670965}, 'HRV_SD1a': {'0': 351.3997982097}, 'HRV_SD1d': {'0': 335.8977117029}, 'HRV_SD2a': {'0': 316.1341446093}, 'HRV_SD2d': {'0': 362.3658441184}, 'HRV_SDNN': {'0': 498.1174705757}, 'HRV_SDSD': {'0': 686.2546572122}, 'HRV_TINN': {'0': 1820}, 'HRV_IQRNN': {'0': 620}, 'HRV_MCVNN': {'0': 0.4288512397}, 'HRV_MadNN': {'0': 518.91}, 'HRV_RMSSD': {'0': 672.3611865786}, 'HRV_SDNNa': {'0': 334.23241582}, 'HRV_SDNNd': {'0': 349.3825108037}, 'HRV_pNN20': {'0': 95.8333333333}, 'HRV_pNN50': {'0': 91.6666666667}, 'HRV_MeanNN': {'0': 1179.1666666667}, 'HRV_SD1SD2': {'0': 1.0090893481}, 'HRV_SampEn': {'0': None}, 'HRV_MedianNN': {'0': 1210}, 'HRV_CSI_Modified': {'0': 1906.2113655503}}, 'mode': 'hrv', 'uuid': '9a189fbc-6fc4-421a-a821-158b368e8035', 'device': '6D18B021', 'hr_mean': 75.53, 'message': ''}",2021-06-08 06:01:13.507064+00:00,12
931,6D18B021,9a189fbc-6fc4-421a-a821-158b368e8035,hrv,,89.4736842105,809.9245506699,75.07,success,success,"{'HRV': {'HRV_S': {'0': 1023861.9081726676}, 'HRV_AI': {'0': 52.812745082}, 'HRV_Ca': {'0': 0.378865232}, 'HRV_Cd': {'0': 0.621134768}, 'HRV_GI': {'0': 54.5155993432}, 'HRV_HF': {'0': 0.1347540683}, 'HRV_LF': {'0': None}, 'HRV_PI': {'0': 27.7777777778}, 'HRV_SI': {'0': 56.2904073546}, 'HRV_C1a': {'0': 0.6096751245}, 'HRV_C1d': {'0': 0.3903248755}, 'HRV_C2a': {'0': 0.118275522}, 'HRV_C2d': {'0': 0.881724478}, 'HRV_CSI': {'0': 0.9438182232}, 'HRV_CVI': {'0': 6.7172114957}, 'HRV_HFn': {'0': 0.9706450504}, 'HRV_HTI': {'0': 3.1666666667}, 'HRV_LFn': {'0': None}, 'HRV_PAS': {'0': 0.25}, 'HRV_PIP': {'0': 0.5263157895}, 'HRV_PSS': {'0': 0.8181818182}, 'HRV_SD1': {'0': 587.6267767539}, 'HRV_SD2': {'0': 554.6128603238}, 'HRV_ULF': {'0': None}, 'HRV_VHF': {'0': 0.00407533}, 'HRV_VLF': {'0': None}, 'HRV_ApEn': {'0': 0.2098815776}, 'HRV_CVNN': {'0': 0.3879427834}, 'HRV_CVSD': {'0': 0.5495916594}, 'HRV_IALS': {'0': 0.6111111111}, 'HRV_LFHF': {'0': None}, 'HRV_LnHF': {'0': -2.0043038782}, 'HRV_SD1a': {'0': 460.140643461}, 'HRV_SD1d': {'0': 368.1751501344}, 'HRV_SD2a': {'0': 190.7380650023}, 'HRV_SD2d': {'0': 520.7825029662}, 'HRV_SDNN': {'0': 571.7051544509}, 'HRV_SDSD': {'0': 831.0297572989}, 'HRV_TINN': {'0': 1660}, 'HRV_IQRNN': {'0': 1090}, 'HRV_MCVNN': {'0': 0.4868238806}, 'HRV_MadNN': {'0': 652.344}, 'HRV_RMSSD': {'0': 809.9245506699}, 'HRV_SDNNa': {'0': 352.214722297}, 'HRV_SDNNd': {'0': 450.9807959172}, 'HRV_pNN20': {'0': 94.7368421053}, 'HRV_pNN50': {'0': 89.4736842105}, 'HRV_MeanNN': {'0': 1473.6842105263}, 'HRV_SD1SD2': {'0': 1.0595260564}, 'HRV_SampEn': {'0': 0.9162907319}, 'HRV_MedianNN': {'0': 1340}, 'HRV_CSI_Modified': {'0': 2093.8148975157}}, 'mode': 'hrv', 'uuid': '9a189fbc-6fc4-421a-a821-158b368e8035', 'device': '6D18B021', 'hr_mean': 75.07, 'message': ''}",2021-06-08 06:01:25.220402+00:00,13
932,6D18B021,9a189fbc-6fc4-421a-a821-158b368e8035,hrv,,82.3529411765,679.0066273609,74.47,success,success,"{'HRV': {'HRV_S': {'0': 1137206.3508136813}, 'HRV_AI': {'0': 40.9096471982}, 'HRV_Ca': {'0': 0.4856339814}, 'HRV_Cd': {'0': 0.5143660186}, 'HRV_GI': {'0': 43.8118811881}, 'HRV_HF': {'0': 0.0667684831}, 'HRV_LF': {'0': None}, 'HRV_PI': {'0': 50}, 'HRV_SI': {'0': 47.8070877762}, 'HRV_C1a': {'0': 0.682409717}, 'HRV_C1d': {'0': 0.317590283}, 'HRV_C2a': {'0': 0.3956032029}, 'HRV_C2d': {'0': 0.6043967971}, 'HRV_CSI': {'0': 1.484697199}, 'HRV_CVI': {'0': 6.7628093863}, 'HRV_HFn': {'0': 0.912827469}, 'HRV_HTI': {'0': 1.8888888889}, 'HRV_LFn': {'0': None}, 'HRV_PAS': {'0': 0}, 'HRV_PIP': {'0': 0.5294117647}, 'HRV_PSS': {'0': 0.8}, 'HRV_SD1': {'0': 493.7712020764}, 'HRV_SD2': {'0': 733.1007206835}, 'HRV_ULF': {'0': None}, 'HRV_VHF': {'0': 0.0063762078}, 'HRV_VLF': {'0': None}, 'HRV_ApEn': {'0': 0.3480925371}, 'HRV_CVNN': {'0': 0.3725013094}, 'HRV_CVSD': {'0': 0.40846117}, 'HRV_IALS': {'0': 0.625}, 'HRV_LFHF': {'0': None}, 'HRV_LnHF': {'0': -2.7065241201}, 'HRV_SD1a': {'0': 409.6339829653}, 'HRV_SD1d': {'0': 279.4518443906}, 'HRV_SD2a': {'0': 461.0983264627}, 'HRV_SD2d': {'0': 569.9342067292}, 'HRV_SDNN': {'0': 619.2286473081}, 'HRV_SDSD': {'0': 698.2979306857}, 'HRV_TINN': {'0': 1840}, 'HRV_IQRNN': {'0': 1000}, 'HRV_MCVNN': {'0': 0.1710692308}, 'HRV_MadNN': {'0': 355.824}, 'HRV_RMSSD': {'0': 679.0066273609}, 'HRV_SDNNa': {'0': 436.1259374691}, 'HRV_SDNNd': {'0': 448.8420286322}, 'HRV_pNN20': {'0': 88.2352941176}, 'HRV_pNN50': {'0': 82.3529411765}, 'HRV_MeanNN': {'0': 1662.3529411765}, 'HRV_SD1SD2': {'0': 0.6735380121}, 'HRV_SampEn': {'0': 0.980829253}, 'HRV_MedianNN': {'0': 2080}, 'HRV_CSI_Modified': {'0': 4353.7303464164}}, 'mode': 'hrv', 'uuid': '9a189fbc-6fc4-421a-a821-158b368e8035', 'device': '6D18B021', 'hr_mean': 74.47, 'message': ''}",2021-06-08 06:01:38.150210+00:00,14
933,6D18B021,9a189fbc-6fc4-421a-a821-158b368e8035,hrv,,53.3333333333,420.4079651278,74.81,success,success,"{'HRV': {'HRV_S': {'0': 672724.2299074124}, 'HRV_AI': {'0': 45.8226240143}, 'HRV_Ca': {'0': 0.5038891849}, 'HRV_Cd': {'0': 0.4961108151}, 'HRV_GI': {'0': 47.1264367816}, 'HRV_HF': {'0': 0.0339228006}, 'HRV_LF': {'0': None}, 'HRV_PI': {'0': 53.8461538462}, 'HRV_SI': {'0': 47.7899422951}, 'HRV_C1a': {'0': 0.5725832525}, 'HRV_C1d': {'0': 0.4274167475}, 'HRV_C2a': {'0': 0.4903361613}, 'HRV_C2d': {'0': 0.5096638387}, 'HRV_CSI': {'0': 2.252643155}, 'HRV_CVI': {'0': 6.5348071802}, 'HRV_HFn': {'0': 0.9669111468}, 'HRV_HTI': {'0': 1.3636363636}, 'HRV_LFn': {'0': None}, 'HRV_PAS': {'0': 0}, 'HRV_PIP': {'0': 0.6}, 'HRV_PSS': {'0': 1}, 'HRV_SD1': {'0': 308.3169483816}, 'HRV_SD2': {'0': 694.5280633417}, 'HRV_ULF': {'0': None}, 'HRV_VHF': {'0': 0.0011608787}, 'HRV_VLF': {'0': None}, 'HRV_ApEn': {'0': 0.1378407263}, 'HRV_CVNN': {'0': 0.2752180276}, 'HRV_CVSD': {'0': 0.2220464605}, 'HRV_IALS': {'0': 0.6923076923}, 'HRV_LFHF': {'0': None}, 'HRV_LnHF': {'0': -3.3836679071}, 'HRV_SD1a': {'0': 233.4358749042}, 'HRV_SD1d': {'0': 201.6852078783}, 'HRV_SD2a': {'0': 486.3363824793}, 'HRV_SD2d': {'0': 495.8287545576}, 'HRV_SDNN': {'0': 521.0794656517}, 'HRV_SDSD': {'0': 436.0260099107}, 'HRV_TINN': {'0': 1620}, 'HRV_IQRNN': {'0': 420}, 'HRV_MCVNN': {'0': 0.0969925234}, 'HRV_MadNN': {'0': 207.564}, 'HRV_RMSSD': {'0': 420.4079651278}, 'HRV_SDNNa': {'0': 381.454705447}, 'HRV_SDNNd': {'0': 378.4990600537}, 'HRV_pNN20': {'0': 66.6666666667}, 'HRV_pNN50': {'0': 53.3333333333}, 'HRV_MeanNN': {'0': 1893.3333333333}, 'HRV_SD1SD2': {'0': 0.4439229524}, 'HRV_SampEn': {'0': 0.4595323294}, 'HRV_MedianNN': {'0': 2140}, 'HRV_CSI_Modified': {'0': 6258.0955513638}}, 'mode': 'hrv', 'uuid': '9a189fbc-6fc4-421a-a821-158b368e8035', 'device': '6D18B021', 'hr_mean': 74.81, 'message': ''}",2021-06-08 06:01:50.085076+00:00,15
934,6D18B021,9a189fbc-6fc4-421a-a821-158b368e8035,hrv,,80.0,472.0472131351,74.6,success,success,"{'HRV': {'HRV_S': {'0': 623678.4455013635}, 'HRV_AI': {'0': 60.1012795541}, 'HRV_Ca': {'0': 0.4224903663}, 'HRV_Cd': {'0': 0.5775096337}, 'HRV_GI': {'0': 61.8834080717}, 'HRV_HF': {'0': 0.008002473}, 'HRV_LF': {'0': None}, 'HRV_PI': {'0': 50}, 'HRV_SI': {'0': 64.20073682}, 'HRV_C1a': {'0': 0.307859982}, 'HRV_C1d': {'0': 0.692140018}, 'HRV_C2a': {'0': 0.4632856477}, 'HRV_C2d': {'0': 0.5367143523}, 'HRV_CSI': {'0': 1.6982613126}, 'HRV_CVI': {'0': 6.5019308449}, 'HRV_HFn': {'0': 0.9976466388}, 'HRV_HTI': {'0': 1.875}, 'HRV_LFn': {'0': None}, 'HRV_PAS': {'0': 0}, 'HRV_PIP': {'0': 0.4666666667}, 'HRV_PSS': {'0': 0.75}, 'HRV_SD1': {'0': 341.9032058899}, 'HRV_SD2': {'0': 580.6409872236}, 'HRV_ULF': {'0': None}, 'HRV_VHF': {'0': 1.88771e-05}, 'HRV_VLF': {'0': None}, 'HRV_ApEn': {'0': 0.0546709191}, 'HRV_CVNN': {'0': 0.2679704344}, 'HRV_CVSD': {'0': 0.2532442131}, 'HRV_IALS': {'0': 0.5714285714}, 'HRV_LFHF': {'0': None}, 'HRV_LnHF': {'0': -4.8280046644}, 'HRV_SD1a': {'0': 192.1938124354}, 'HRV_SD1d': {'0': 288.1772958547}, 'HRV_SD2a': {'0': 395.213810543}, 'HRV_SD2d': {'0': 425.3821811031}, 'HRV_SDNN': {'0': 499.4968897372}, 'HRV_SDSD': {'0': 483.5241507884}, 'HRV_TINN': {'0': 1480}, 'HRV_IQRNN': {'0': 630}, 'HRV_MCVNN': {'0': 0.09884}, 'HRV_MadNN': {'0': 207.564}, 'HRV_RMSSD': {'0': 472.0472131351}, 'HRV_SDNNa': {'0': 310.7510398876}, 'HRV_SDNNd': {'0': 363.3153959345}, 'HRV_pNN20': {'0': 80}, 'HRV_pNN50': {'0': 80}, 'HRV_MeanNN': {'0': 1864}, 'HRV_SD1SD2': {'0': 0.588837532}, 'HRV_SampEn': {'0': 1.0986122887}, 'HRV_MedianNN': {'0': 2100}, 'HRV_CSI_Modified': {'0': 3944.3205004929}}, 'mode': 'hrv', 'uuid': '9a189fbc-6fc4-421a-a821-158b368e8035', 'device': '6D18B021', 'hr_mean': 74.6, 'message': ''}",2021-06-08 06:02:01.853569+00:00,16
935,6D18B021,9a189fbc-6fc4-421a-a821-158b368e8035,hrv,,58.8235294118,420.683966892,75.2,success,success,"{'HRV': {'HRV_S': {'0': 607955.0096471531}, 'HRV_AI': {'0': 51.4593145634}, 'HRV_Ca': {'0': 0.4077469442}, 'HRV_Cd': {'0': 0.5922530558}, 'HRV_GI': {'0': 54.4973544974}, 'HRV_HF': {'0': 0.0054719717}, 'HRV_LF': {'0': None}, 'HRV_PI': {'0': 42.8571428571}, 'HRV_SI': {'0': 58.4637133931}, 'HRV_C1a': {'0': 0.5820031078}, 'HRV_C1d': {'0': 0.4179968922}, 'HRV_C2a': {'0': 0.3663987294}, 'HRV_C2d': {'0': 0.6336012706}, 'HRV_CSI': {'0': 2.0555141218}, 'HRV_CVI': {'0': 6.4908415514}, 'HRV_HFn': {'0': 0.9984062356}, 'HRV_HTI': {'0': 1.4166666667}, 'HRV_LFn': {'0': None}, 'HRV_PAS': {'0': 1}, 'HRV_PIP': {'0': 0.7647058824}, 'HRV_PSS': {'0': 1}, 'HRV_SD1': {'0': 306.8319301072}, 'HRV_SD2': {'0': 630.6973653557}, 'HRV_ULF': {'0': None}, 'HRV_VHF': {'0': 8.735e-06}, 'HRV_VLF': {'0': None}, 'HRV_ApEn': {'0': 0.1155882731}, 'HRV_CVNN': {'0': 0.2981912571}, 'HRV_CVSD': {'0': 0.2308465925}, 'HRV_IALS': {'0': 0.8571428571}, 'HRV_LFHF': {'0': None}, 'HRV_LnHF': {'0': -5.2081162715}, 'HRV_SD1a': {'0': 234.3786110833}, 'HRV_SD1d': {'0': 198.6286317058}, 'HRV_SD2a': {'0': 381.7666581172}, 'HRV_SD2d': {'0': 502.0292674901}, 'HRV_SDNN': {'0': 543.4097143473}, 'HRV_SDSD': {'0': 433.9258769268}, 'HRV_TINN': {'0': 1560}, 'HRV_IQRNN': {'0': 780}, 'HRV_MCVNN': {'0': 0.0277121495}, 'HRV_MadNN': {'0': 59.304}, 'HRV_RMSSD': {'0': 420.683966892}, 'HRV_SDNNa': {'0': 316.764198248}, 'HRV_SDNNd': {'0': 381.763486173}, 'HRV_pNN20': {'0': 76.4705882353}, 'HRV_pNN50': {'0': 58.8235294118}, 'HRV_MeanNN': {'0': 1822.3529411765}, 'HRV_SD1SD2': {'0': 0.4864962928}, 'HRV_SampEn': {'0': 0.3101549283}, 'HRV_MedianNN': {'0': 2140}, 'HRV_CSI_Modified': {'0': 5185.6293642926}}, 'mode': 'hrv', 'uuid': '9a189fbc-6fc4-421a-a821-158b368e8035', 'device': '6D18B021', 'hr_mean': 75.2, 'message': ''}",2021-06-08 06:02:14.691329+00:00,17
936,6D18B021,9a189fbc-6fc4-421a-a821-158b368e8035,hrv,,77.7777777778,847.8623639691,75.68,success,success,"{'HRV': {'HRV_S': {'0': 1236674.9683404455}, 'HRV_AI': {'0': 55.3285586294}, 'HRV_Ca': {'0': 0.3849239678}, 'HRV_Cd': {'0': 0.6150760322}, 'HRV_GI': {'0': 54.5774647887}, 'HRV_HF': {'0': 0.0747140978}, 'HRV_LF': {'0': None}, 'HRV_PI': {'0': 33.3333333333}, 'HRV_SI': {'0': 53.6153631682}, 'HRV_C1a': {'0': 0.4651086672}, 'HRV_C1d': {'0': 0.5348913328}, 'HRV_C2a': {'0': 0.3098459996}, 'HRV_C2d': {'0': 0.6901540004}, 'HRV_CSI': {'0': 1.0361507723}, 'HRV_CVI': {'0': 6.7992256802}, 'HRV_HFn': {'0': 0.9139909767}, 'HRV_HTI': {'0': 2}, 'HRV_LFn': {'0': None}, 'HRV_PAS': {'0': 0.3333333333}, 'HRV_PIP': {'0': 0.5555555556}, 'HRV_PSS': {'0': 0.7777777778}, 'HRV_SD1': {'0': 616.3698278679}, 'HRV_SD2': {'0': 638.6520731887}, 'HRV_ULF': {'0': None}, 'HRV_VHF': {'0': 0.0070307987}, 'HRV_VLF': {'0': None}, 'HRV_ApEn': {'0': 0.4328887781}, 'HRV_CVNN': {'0': 0.3799070357}, 'HRV_CVSD': {'0': 0.5169892463}, 'HRV_IALS': {'0': 0.6}, 'HRV_LFHF': {'0': None}, 'HRV_LnHF': {'0': -2.5940864791}, 'HRV_SD1a': {'0': 421.4558102577}, 'HRV_SD1d': {'0': 451.9679192155}, 'HRV_SD2a': {'0': 355.4980910407}, 'HRV_SD2d': {'0': 530.5634531841}, 'HRV_SDNN': {'0': 623.0475385507}, 'HRV_SDSD': {'0': 871.6785700083}, 'HRV_TINN': {'0': 1700}, 'HRV_IQRNN': {'0': 1075}, 'HRV_MCVNN': {'0': 0.3384195652}, 'HRV_MadNN': {'0': 622.692}, 'HRV_RMSSD': {'0': 847.8623639691}, 'HRV_SDNNa': {'0': 389.8742699471}, 'HRV_SDNNd': {'0': 492.8349510002}, 'HRV_pNN20': {'0': 83.3333333333}, 'HRV_pNN50': {'0': 77.7777777778}, 'HRV_MeanNN': {'0': 1640}, 'HRV_SD1SD2': {'0': 0.9651105097}, 'HRV_SampEn': {'0': 1.9459101491}, 'HRV_MedianNN': {'0': 1840}, 'HRV_CSI_Modified': {'0': 2646.9593555489}}, 'mode': 'hrv', 'uuid': '9a189fbc-6fc4-421a-a821-158b368e8035', 'device': '6D18B021', 'hr_mean': 75.68, 'message': ''}",2021-06-08 06:02:25.826351+00:00,18
937,6D18B021,9a189fbc-6fc4-421a-a821-158b368e8035,hrv,,68.75,487.0044489872,74.82,success,success,"{'HRV': {'HRV_S': {'0': 693578.8682128297}, 'HRV_AI': {'0': 60.3063831867}, 'HRV_Ca': {'0': 0.2668989956}, 'HRV_Cd': {'0': 0.7331010044}, 'HRV_GI': {'0': 62.6168224299}, 'HRV_HF': {'0': 0.0075856234}, 'HRV_LF': {'0': None}, 'HRV_PI': {'0': 40}, 'HRV_SI': {'0': 65.02177346}, 'HRV_C1a': {'0': 0.509332134}, 'HRV_C1d': {'0': 0.490667866}, 'HRV_C2a': {'0': 0.1883572854}, 'HRV_C2d': {'0': 0.8116427146}, 'HRV_CSI': {'0': 1.7764162424}, 'HRV_CVI': {'0': 6.5480659627}, 'HRV_HFn': {'0': 0.993733438}, 'HRV_HTI': {'0': 2.2857142857}, 'HRV_LFn': {'0': None}, 'HRV_PAS': {'0': 0.25}, 'HRV_PIP': {'0': 0.5625}, 'HRV_PSS': {'0': 0.9}, 'HRV_SD1': {'0': 352.5336863337}, 'HRV_SD2': {'0': 626.2465663816}, 'HRV_ULF': {'0': None}, 'HRV_VHF': {'0': 4.78355e-05}, 'HRV_VLF': {'0': None}, 'HRV_ApEn': {'0': 0.2661995311}, 'HRV_CVNN': {'0': 0.2732362839}, 'HRV_CVSD': {'0': 0.2554777437}, 'HRV_IALS': {'0': 0.6666666667}, 'HRV_LFHF': {'0': None}, 'HRV_LnHF': {'0': -4.8815004834}, 'HRV_SD1a': {'0': 254.3900267587}, 'HRV_SD1d': {'0': 249.685516486}, 'HRV_SD2a': {'0': 271.7919372293}, 'HRV_SD2d': {'0': 564.1931449086}, 'HRV_SDNN': {'0': 520.856666144}, 'HRV_SDSD': {'0': 498.5579204064}, 'HRV_TINN': {'0': 1420}, 'HRV_IQRNN': {'0': 565}, 'HRV_MCVNN': {'0': 0.1631569378}, 'HRV_MadNN': {'0': 340.998}, 'HRV_RMSSD': {'0': 487.0044489872}, 'HRV_SDNNa': {'0': 263.2348218389}, 'HRV_SDNNd': {'0': 436.266410525}, 'HRV_pNN20': {'0': 87.5}, 'HRV_pNN50': {'0': 68.75}, 'HRV_MeanNN': {'0': 1906.25}, 'HRV_SD1SD2': {'0': 0.5629311285}, 'HRV_SampEn': {'0': 0.9162907319}, 'HRV_MedianNN': {'0': 2090}, 'HRV_CSI_Modified': {'0': 4449.898288966}}, 'mode': 'hrv', 'uuid': '9a189fbc-6fc4-421a-a821-158b368e8035', 'device': '6D18B021', 'hr_mean': 74.82, 'message': ''}",2021-06-08 06:02:37.994683+00:00,19
938,6D18B021,9a189fbc-6fc4-421a-a821-158b368e8035,hrv,,77.7777777778,319.8161236417,73.38,success,success,"{'HRV': {'HRV_S': {'0': 640107.9867366742}, 'HRV_AI': {'0': 38.8983461859}, 'HRV_Ca': {'0': 0.5001949468}, 'HRV_Cd': {'0': 0.4998050532}, 'HRV_GI': {'0': 41.2698412698}, 'HRV_HF': {'0': 0.0075965535}, 'HRV_LF': {'0': None}, 'HRV_PI': {'0': 50}, 'HRV_SI': {'0': 43.9333626146}, 'HRV_C1a': {'0': 0.7253278123}, 'HRV_C1d': {'0': 0.2746721877}, 'HRV_C2a': {'0': 0.4844194179}, 'HRV_C2d': {'0': 0.5155805821}, 'HRV_CSI': {'0': 3.8058463473}, 'HRV_CVI': {'0': 6.513223356}, 'HRV_HFn': {'0': 0.997842562}, 'HRV_HTI': {'0': 1.8}, 'HRV_LFn': {'0': None}, 'HRV_PAS': {'0': 0.6666666667}, 'HRV_PIP': {'0': 0.7222222222}, 'HRV_PSS': {'0': 1}, 'HRV_SD1': {'0': 231.3801303178}, 'HRV_SD2': {'0': 880.5972238136}, 'HRV_ULF': {'0': None}, 'HRV_VHF': {'0': 1.64245e-05}, 'HRV_VLF': {'0': None}, 'HRV_ApEn': {'0': 0.227275106}, 'HRV_CVNN': {'0': 0.3775389255}, 'HRV_CVSD': {'0': 0.1915066609}, 'HRV_IALS': {'0': 0.8125}, 'HRV_LFHF': {'0': None}, 'HRV_LnHF': {'0': -4.8800606197}, 'HRV_SD1a': {'0': 198.5258169609}, 'HRV_SD1d': {'0': 122.1679172287}, 'HRV_SD2a': {'0': 612.8978299847}, 'HRV_SD2d': {'0': 632.3035035394}, 'HRV_SDNN': {'0': 630.4900055186}, 'HRV_SDSD': {'0': 327.2209183591}, 'HRV_TINN': {'0': 1760}, 'HRV_IQRNN': {'0': 1065}, 'HRV_MCVNN': {'0': 0.1412}, 'HRV_MadNN': {'0': 296.52}, 'HRV_RMSSD': {'0': 319.8161236417}, 'HRV_SDNNa': {'0': 455.5525491093}, 'HRV_SDNNd': {'0': 455.3749666968}, 'HRV_pNN20': {'0': 88.8888888889}, 'HRV_pNN50': {'0': 77.7777777778}, 'HRV_MeanNN': {'0': 1670}, 'HRV_SD1SD2': {'0': 0.262753645}, 'HRV_SampEn': {'0': 0.6931471806}, 'HRV_MedianNN': {'0': 2100}, 'HRV_CSI_Modified': {'0': 13405.6709108626}}, 'mode': 'hrv', 'uuid': '9a189fbc-6fc4-421a-a821-158b368e8035', 'device': '6D18B021', 'hr_mean': 73.38, 'message': ''}",2021-06-08 06:02:49.951661+00:00,20
939,6D18B021,9a189fbc-6fc4-421a-a821-158b368e8035,hrv,,86.9565217391,556.9560126258,76.74,success,success,"{'HRV': {'HRV_S': {'0': 587472.4454819597}, 'HRV_AI': {'0': 54.6984913546}, 'HRV_Ca': {'0': 0.4829878961}, 'HRV_Cd': {'0': 0.5170121039}, 'HRV_GI': {'0': 55.1724137931}, 'HRV_HF': {'0': 0.0853165905}, 'HRV_LF': {'0': None}, 'HRV_PI': {'0': 45.4545454545}, 'HRV_SI': {'0': 55.4643671981}, 'HRV_C1a': {'0': 0.4545454545}, 'HRV_C1d': {'0': 0.5454545455}, 'HRV_C2a': {'0': 0.5043464865}, 'HRV_C2d': {'0': 0.4956535135}, 'HRV_CSI': {'0': 1.1571025256}, 'HRV_CVI': {'0': 6.4759576114}, 'HRV_HFn': {'0': 0.876820556}, 'HRV_HTI': {'0': 3.8333333333}, 'HRV_LFn': {'0': None}, 'HRV_PAS': {'0': 0.2857142857}, 'HRV_PIP': {'0': 0.6086956522}, 'HRV_PSS': {'0': 0.9333333333}, 'HRV_SD1': {'0': 402.0063319266}, 'HRV_SD2': {'0': 465.162541996}, 'HRV_ULF': {'0': None}, 'HRV_VHF': {'0': 0.0119856339}, 'HRV_VLF': {'0': None}, 'HRV_ApEn': {'0': 0.0164933644}, 'HRV_CVNN': {'0': 0.3248969255}, 'HRV_CVSD': {'0': 0.4134921979}, 'HRV_IALS': {'0': 0.6818181818}, 'HRV_LFHF': {'0': None}, 'HRV_LnHF': {'0': -2.461386348}, 'HRV_SD1a': {'0': 271.7667066753}, 'HRV_SD1d': {'0': 297.7055112499}, 'HRV_SD2a': {'0': 330.3461388129}, 'HRV_SD2d': {'0': 327.4868227084}, 'HRV_SDNN': {'0': 437.62203267}, 'HRV_SDSD': {'0': 568.5228067705}, 'HRV_TINN': {'0': 1400}, 'HRV_IQRNN': {'0': 700}, 'HRV_MCVNN': {'0': 0.40242}, 'HRV_MadNN': {'0': 563.388}, 'HRV_RMSSD': {'0': 556.9560126258}, 'HRV_SDNNa': {'0': 302.477862236}, 'HRV_SDNNd': {'0': 312.9506274768}, 'HRV_pNN20': {'0': 91.3043478261}, 'HRV_pNN50': {'0': 86.9565217391}, 'HRV_MeanNN': {'0': 1346.9565217391}, 'HRV_SD1SD2': {'0': 0.864227653}, 'HRV_SampEn': {'0': None}, 'HRV_MedianNN': {'0': 1400}, 'HRV_CSI_Modified': {'0': 2152.9630087089}}, 'mode': 'hrv', 'uuid': '9a189fbc-6fc4-421a-a821-158b368e8035', 'device': '6D18B021', 'hr_mean': 76.74, 'message': ''}",2021-06-08 06:03:02.946546+00:00,21
940,6D18B021,9a189fbc-6fc4-421a-a821-158b368e8035,hrv,,86.9565217391,556.9560126258,76.74,success,success,"{'HRV': {'HRV_S': {'0': 587472.4454819597}, 'HRV_AI': {'0': 54.6984913546}, 'HRV_Ca': {'0': 0.4829878961}, 'HRV_Cd': {'0': 0.5170121039}, 'HRV_GI': {'0': 55.1724137931}, 'HRV_HF': {'0': 0.0853165905}, 'HRV_LF': {'0': None}, 'HRV_PI': {'0': 45.4545454545}, 'HRV_SI': {'0': 55.4643671981}, 'HRV_C1a': {'0': 0.4545454545}, 'HRV_C1d': {'0': 0.5454545455}, 'HRV_C2a': {'0': 0.5043464865}, 'HRV_C2d': {'0': 0.4956535135}, 'HRV_CSI': {'0': 1.1571025256}, 'HRV_CVI': {'0': 6.4759576114}, 'HRV_HFn': {'0': 0.876820556}, 'HRV_HTI': {'0': 3.8333333333}, 'HRV_LFn': {'0': None}, 'HRV_PAS': {'0': 0.2857142857}, 'HRV_PIP': {'0': 0.6086956522}, 'HRV_PSS': {'0': 0.9333333333}, 'HRV_SD1': {'0': 402.0063319266}, 'HRV_SD2': {'0': 465.162541996}, 'HRV_ULF': {'0': None}, 'HRV_VHF': {'0': 0.0119856339}, 'HRV_VLF': {'0': None}, 'HRV_ApEn': {'0': 0.0164933644}, 'HRV_CVNN': {'0': 0.3248969255}, 'HRV_CVSD': {'0': 0.4134921979}, 'HRV_IALS': {'0': 0.6818181818}, 'HRV_LFHF': {'0': None}, 'HRV_LnHF': {'0': -2.461386348}, 'HRV_SD1a': {'0': 271.7667066753}, 'HRV_SD1d': {'0': 297.7055112499}, 'HRV_SD2a': {'0': 330.3461388129}, 'HRV_SD2d': {'0': 327.4868227084}, 'HRV_SDNN': {'0': 437.62203267}, 'HRV_SDSD': {'0': 568.5228067705}, 'HRV_TINN': {'0': 1400}, 'HRV_IQRNN': {'0': 700}, 'HRV_MCVNN': {'0': 0.40242}, 'HRV_MadNN': {'0': 563.388}, 'HRV_RMSSD': {'0': 556.9560126258}, 'HRV_SDNNa': {'0': 302.477862236}, 'HRV_SDNNd': {'0': 312.9506274768}, 'HRV_pNN20': {'0': 91.3043478261}, 'HRV_pNN50': {'0': 86.9565217391}, 'HRV_MeanNN': {'0': 1346.9565217391}, 'HRV_SD1SD2': {'0': 0.864227653}, 'HRV_SampEn': {'0': None}, 'HRV_MedianNN': {'0': 1400}, 'HRV_CSI_Modified': {'0': 2152.9630087089}}, 'mode': 'hrv', 'uuid': '9a189fbc-6fc4-421a-a821-158b368e8035', 'device': '6D18B021', 'hr_mean': 76.74, 'message': ''}",2021-06-08 06:03:03.692419+00:00,22
