id,device_code,uuid,mode,mean,hrv_pnn50,hrv_rmssd,hr_mean,response_body,created_at,minute
124,6D18B021,b4ebaf2e-bee8-4b3d-81d4-1ccb4c67c747,hrv,,85.0,540.0560195032,55.71,"{'HRV': {'HRV_S': {'0': 539983.638532945}, 'HRV_AI': {'0': 49.4925336944}, 'HRV_Ca': {'0': 0.4991243253}, 'HRV_Cd': {'0': 0.5008756747}, 'HRV_GI': {'0': 49.4490965183}, 'HRV_HF': {'0': 0.0859798379}, 'HRV_LF': {'0': 0.0770529646}, 'HRV_PI': {'0': 46.5517241379}, 'HRV_SI': {'0': 49.4386088253}, 'HRV_C1a': {'0': 0.5148728232}, 'HRV_C1d': {'0': 0.4851271768}, 'HRV_C2a': {'0': 0.4875957257}, 'HRV_C2d': {'0': 0.5124042743}, 'HRV_CSI': {'0': 1.1688113926}, 'HRV_CVI': {'0': 6.4393507109}, 'HRV_HFn': {'0': 0.51016825}, 'HRV_HTI': {'0': 3.4285714286}, 'HRV_LFn': {'0': 0.4571999329}, 'HRV_PAS': {'0': 0.2058823529}, 'HRV_PIP': {'0': 0.6416666667}, 'HRV_PSS': {'0': 0.9078947368}, 'HRV_SD1': {'0': 383.4803773716}, 'HRV_SD2': {'0': 448.2162339064}, 'HRV_ULF': {'0': None}, 'HRV_VHF': {'0': 0.0054995158}, 'HRV_VLF': {'0': None}, 'HRV_ApEn': {'0': 0.812420761}, 'HRV_CVNN': {'0': 0.3141555407}, 'HRV_CVSD': {'0': 0.4069751466}, 'HRV_IALS': {'0': 0.6551724138}, 'HRV_LFHF': {'0': 0.8961748069}, 'HRV_LnHF': {'0': -2.453642453}, 'HRV_SD1a': {'0': 275.1732890072}, 'HRV_SD1d': {'0': 267.1062760623}, 'HRV_SD2a': {'0': 312.9806780868}, 'HRV_SD2d': {'0': 320.8440236028}, 'HRV_SDNN': {'0': 416.8844024931}, 'HRV_SDSD': {'0': 542.3231505829}, 'HRV_TINN': {'0': 2300}, 'HRV_IQRNN': {'0': 440}, 'HRV_MCVNN': {'0': 0.16944}, 'HRV_MadNN': {'0': 237.216}, 'HRV_RMSSD': {'0': 540.0560195032}, 'HRV_SDNNa': {'0': 294.6839356316}, 'HRV_SDNNd': {'0': 295.200482887}, 'HRV_pNN20': {'0': 90.8333333333}, 'HRV_pNN50': {'0': 85}, 'HRV_MeanNN': {'0': 1327}, 'HRV_SD1SD2': {'0': 0.8555700315}, 'HRV_SampEn': {'0': 1.5252932359}, 'HRV_MedianNN': {'0': 1400}, 'HRV_CSI_Modified': {'0': 2095.5209621335}}, 'mode': 'hrv', 'uuid': 'b4ebaf2e-bee8-4b3d-81d4-1ccb4c67c747', 'device': '6D18B021', 'hr_mean': 55.71, 'message': ''}",2021-05-26 11:34:10.689097+00:00,1
125,6D18B021,b4ebaf2e-bee8-4b3d-81d4-1ccb4c67c747,hrv,,91.8604651163,856.0043980096,66.42,"{'HRV': {'HRV_S': {'0': 1793165.317617715}, 'HRV_AI': {'0': 50.0074847987}, 'HRV_Ca': {'0': 0.4816615}, 'HRV_Cd': {'0': 0.5183385}, 'HRV_GI': {'0': 49.9207606973}, 'HRV_HF': {'0': 0.0119002398}, 'HRV_LF': {'0': 0.022301747}, 'HRV_PI': {'0': 45.8823529412}, 'HRV_SI': {'0': 49.8559239122}, 'HRV_C1a': {'0': 0.4993834614}, 'HRV_C1d': {'0': 0.5006165386}, 'HRV_C2a': {'0': 0.4741850813}, 'HRV_C2d': {'0': 0.5258149187}, 'HRV_CSI': {'0': 1.5396051201}, 'HRV_CVI': {'0': 6.9605904404}, 'HRV_HFn': {'0': 0.3444362779}, 'HRV_HTI': {'0': 3.0714285714}, 'HRV_LFn': {'0': 0.6454937764}, 'HRV_PAS': {'0': 0.375}, 'HRV_PIP': {'0': 0.7325581395}, 'HRV_PSS': {'0': 0.9375}, 'HRV_SD1': {'0': 608.8783828927}, 'HRV_SD2': {'0': 937.4322757985}, 'HRV_ULF': {'0': None}, 'HRV_VHF': {'0': 0.0003479156}, 'HRV_VLF': {'0': None}, 'HRV_ApEn': {'0': 0.4958862454}, 'HRV_CVNN': {'0': 0.4272102735}, 'HRV_CVSD': {'0': 0.4652197815}, 'HRV_IALS': {'0': 0.7529411765}, 'HRV_LFHF': {'0': 1.8740586225}, 'HRV_LnHF': {'0': -4.4311967269}, 'HRV_SD1a': {'0': 430.276765859}, 'HRV_SD1d': {'0': 430.8076578883}, 'HRV_SD2a': {'0': 645.5261578214}, 'HRV_SD2d': {'0': 679.761172234}, 'HRV_SDNN': {'0': 786.0669033044}, 'HRV_SDSD': {'0': 861.0840669227}, 'HRV_TINN': {'0': 4480}, 'HRV_IQRNN': {'0': 1355}, 'HRV_MCVNN': {'0': 0.5181129032}, 'HRV_MadNN': {'0': 963.69}, 'HRV_RMSSD': {'0': 856.0043980096}, 'HRV_SDNNa': {'0': 548.5627200557}, 'HRV_SDNNd': {'0': 569.0652376363}, 'HRV_pNN20': {'0': 96.511627907}, 'HRV_pNN50': {'0': 91.8604651163}, 'HRV_MeanNN': {'0': 1840}, 'HRV_SD1SD2': {'0': 0.6495171957}, 'HRV_SampEn': {'0': 0.6931471806}, 'HRV_MedianNN': {'0': 1860}, 'HRV_CSI_Modified': {'0': 5773.1021261335}}, 'mode': 'hrv', 'uuid': 'b4ebaf2e-bee8-4b3d-81d4-1ccb4c67c747', 'device': '6D18B021', 'hr_mean': 66.42, 'message': 'HRV RMSSD has been changed significantly. You probably under stress.'}",2021-05-26 11:36:09.752934+00:00,2
126,6D18B021,b4ebaf2e-bee8-4b3d-81d4-1ccb4c67c747,hrv,,92.2330097087,803.2312196104,62.48,"{'HRV': {'HRV_S': {'0': 1228707.0377533457}, 'HRV_AI': {'0': 49.7424524538}, 'HRV_Ca': {'0': 0.5094431944}, 'HRV_Cd': {'0': 0.4905568056}, 'HRV_GI': {'0': 49.2362690933}, 'HRV_HF': {'0': 0.0625466186}, 'HRV_LF': {'0': 0.0645669737}, 'HRV_PI': {'0': 49.0196078431}, 'HRV_SI': {'0': 48.7394563519}, 'HRV_C1a': {'0': 0.4702013725}, 'HRV_C1d': {'0': 0.5297986275}, 'HRV_C2a': {'0': 0.5366673845}, 'HRV_C2d': {'0': 0.4633326155}, 'HRV_CSI': {'0': 1.2006755947}, 'HRV_CVI': {'0': 6.7964184558}, 'HRV_HFn': {'0': 0.4868269928}, 'HRV_HTI': {'0': 3.5517241379}, 'HRV_LFn': {'0': 0.5025522778}, 'HRV_PAS': {'0': 0.1290322581}, 'HRV_PIP': {'0': 0.6213592233}, 'HRV_PSS': {'0': 0.9076923077}, 'HRV_SD1': {'0': 570.7374821572}, 'HRV_SD2': {'0': 685.2705658339}, 'HRV_ULF': {'0': None}, 'HRV_VHF': {'0': 0.0013645314}, 'HRV_VLF': {'0': None}, 'HRV_ApEn': {'0': 0.6916959009}, 'HRV_CVNN': {'0': 0.4090416647}, 'HRV_CVSD': {'0': 0.5212500984}, 'HRV_IALS': {'0': 0.637254902}, 'HRV_LFHF': {'0': 1.0323015879}, 'HRV_LnHF': {'0': -2.7718431022}, 'HRV_SD1a': {'0': 391.387478614}, 'HRV_SD1d': {'0': 415.4515615568}, 'HRV_SD2a': {'0': 502.0126712074}, 'HRV_SD2d': {'0': 466.4536700955}, 'HRV_SDNN': {'0': 630.3212914981}, 'HRV_SDSD': {'0': 807.1446878214}, 'HRV_TINN': {'0': 2520}, 'HRV_IQRNN': {'0': 590}, 'HRV_MCVNN': {'0': 0.3294666667}, 'HRV_MadNN': {'0': 474.432}, 'HRV_RMSSD': {'0': 803.2312196104}, 'HRV_SDNNa': {'0': 450.1115864253}, 'HRV_SDNNd': {'0': 441.6893853974}, 'HRV_pNN20': {'0': 92.2330097087}, 'HRV_pNN50': {'0': 92.2330097087}, 'HRV_MeanNN': {'0': 1540.9708737864}, 'HRV_SD1SD2': {'0': 0.8328644343}, 'HRV_SampEn': {'0': 1.3176658547}, 'HRV_MedianNN': {'0': 1440}, 'HRV_CSI_Modified': {'0': 3291.1505767833}}, 'mode': 'hrv', 'uuid': 'b4ebaf2e-bee8-4b3d-81d4-1ccb4c67c747', 'device': '6D18B021', 'hr_mean': 62.48, 'message': 'HRV RMSSD has been changed significantly. You probably under stress.'}",2021-05-26 11:37:10.527536+00:00,3
127,6D18B021,b4ebaf2e-bee8-4b3d-81d4-1ccb4c67c747,hrv,,89.4230769231,682.1069585575,64.45,"{'HRV': {'HRV_S': {'0': 1010024.8551775948}, 'HRV_AI': {'0': 49.795146239}, 'HRV_Ca': {'0': 0.5200823923}, 'HRV_Cd': {'0': 0.4799176077}, 'HRV_GI': {'0': 49.9434602337}, 'HRV_HF': {'0': 0.0343293735}, 'HRV_LF': {'0': 0.0511405524}, 'HRV_PI': {'0': 50.495049505}, 'HRV_SI': {'0': 50.0278472588}, 'HRV_C1a': {'0': 0.5224402581}, 'HRV_C1d': {'0': 0.4775597419}, 'HRV_C2a': {'0': 0.5188235294}, 'HRV_C2d': {'0': 0.4811764706}, 'HRV_CSI': {'0': 1.3685809418}, 'HRV_CVI': {'0': 6.7113021712}, 'HRV_HFn': {'0': 0.3928537881}, 'HRV_HTI': {'0': 3.25}, 'HRV_LFn': {'0': 0.5852352578}, 'HRV_PAS': {'0': 0.2083333333}, 'HRV_PIP': {'0': 0.625}, 'HRV_PSS': {'0': 0.84375}, 'HRV_SD1': {'0': 484.6808382264}, 'HRV_SD2': {'0': 663.3249580711}, 'HRV_ULF': {'0': None}, 'HRV_VHF': {'0': 0.0019146801}, 'HRV_VLF': {'0': None}, 'HRV_ApEn': {'0': 0.8067193864}, 'HRV_CVNN': {'0': 0.3783574453}, 'HRV_CVSD': {'0': 0.4462702799}, 'HRV_IALS': {'0': 0.6336633663}, 'HRV_LFHF': {'0': 1.4897024684}, 'HRV_LnHF': {'0': -3.3717539213}, 'HRV_SD1a': {'0': 350.3275777964}, 'HRV_SD1d': {'0': 334.9421957738}, 'HRV_SD2a': {'0': 477.7890255554}, 'HRV_SD2d': {'0': 460.1278594682}, 'HRV_SDNN': {'0': 578.3048029442}, 'HRV_SDSD': {'0': 685.4422148421}, 'HRV_TINN': {'0': 2560}, 'HRV_IQRNN': {'0': 670}, 'HRV_MCVNN': {'0': 0.37065}, 'HRV_MadNN': {'0': 518.91}, 'HRV_RMSSD': {'0': 682.1069585575}, 'HRV_SDNNa': {'0': 418.9342219883}, 'HRV_SDNNd': {'0': 402.4325543297}, 'HRV_pNN20': {'0': 92.3076923077}, 'HRV_pNN50': {'0': 89.4230769231}, 'HRV_MeanNN': {'0': 1528.4615384615}, 'HRV_SD1SD2': {'0': 0.7306838561}, 'HRV_SampEn': {'0': 2.0959708436}, 'HRV_MedianNN': {'0': 1400}, 'HRV_CSI_Modified': {'0': 3631.2555834483}}, 'mode': 'hrv', 'uuid': 'b4ebaf2e-bee8-4b3d-81d4-1ccb4c67c747', 'device': '6D18B021', 'hr_mean': 64.45, 'message': ''}",2021-05-26 11:38:11.549966+00:00,4
128,6D18B021,b4ebaf2e-bee8-4b3d-81d4-1ccb4c67c747,hrv,,89.4230769231,682.1069585575,64.45,"{'HRV': {'HRV_S': {'0': 1010024.8551775948}, 'HRV_AI': {'0': 49.795146239}, 'HRV_Ca': {'0': 0.5200823923}, 'HRV_Cd': {'0': 0.4799176077}, 'HRV_GI': {'0': 49.9434602337}, 'HRV_HF': {'0': 0.0343293735}, 'HRV_LF': {'0': 0.0511405524}, 'HRV_PI': {'0': 50.495049505}, 'HRV_SI': {'0': 50.0278472588}, 'HRV_C1a': {'0': 0.5224402581}, 'HRV_C1d': {'0': 0.4775597419}, 'HRV_C2a': {'0': 0.5188235294}, 'HRV_C2d': {'0': 0.4811764706}, 'HRV_CSI': {'0': 1.3685809418}, 'HRV_CVI': {'0': 6.7113021712}, 'HRV_HFn': {'0': 0.3928537881}, 'HRV_HTI': {'0': 3.25}, 'HRV_LFn': {'0': 0.5852352578}, 'HRV_PAS': {'0': 0.2083333333}, 'HRV_PIP': {'0': 0.625}, 'HRV_PSS': {'0': 0.84375}, 'HRV_SD1': {'0': 484.6808382264}, 'HRV_SD2': {'0': 663.3249580711}, 'HRV_ULF': {'0': None}, 'HRV_VHF': {'0': 0.0019146801}, 'HRV_VLF': {'0': None}, 'HRV_ApEn': {'0': 0.8067193864}, 'HRV_CVNN': {'0': 0.3783574453}, 'HRV_CVSD': {'0': 0.4462702799}, 'HRV_IALS': {'0': 0.6336633663}, 'HRV_LFHF': {'0': 1.4897024684}, 'HRV_LnHF': {'0': -3.3717539213}, 'HRV_SD1a': {'0': 350.3275777964}, 'HRV_SD1d': {'0': 334.9421957738}, 'HRV_SD2a': {'0': 477.7890255554}, 'HRV_SD2d': {'0': 460.1278594682}, 'HRV_SDNN': {'0': 578.3048029442}, 'HRV_SDSD': {'0': 685.4422148421}, 'HRV_TINN': {'0': 2560}, 'HRV_IQRNN': {'0': 670}, 'HRV_MCVNN': {'0': 0.37065}, 'HRV_MadNN': {'0': 518.91}, 'HRV_RMSSD': {'0': 682.1069585575}, 'HRV_SDNNa': {'0': 418.9342219883}, 'HRV_SDNNd': {'0': 402.4325543297}, 'HRV_pNN20': {'0': 92.3076923077}, 'HRV_pNN50': {'0': 89.4230769231}, 'HRV_MeanNN': {'0': 1528.4615384615}, 'HRV_SD1SD2': {'0': 0.7306838561}, 'HRV_SampEn': {'0': 2.0959708436}, 'HRV_MedianNN': {'0': 1400}, 'HRV_CSI_Modified': {'0': 3631.2555834483}}, 'mode': 'hrv', 'uuid': 'b4ebaf2e-bee8-4b3d-81d4-1ccb4c67c747', 'device': '6D18B021', 'hr_mean': 64.45, 'message': ''}",2021-05-26 11:38:15.445596+00:00,5
129,6D18B021,b4ebaf2e-bee8-4b3d-81d4-1ccb4c67c747,hrv,,81.9277108434,650.8718355725,64.0,"{'HRV': {'HRV_S': {'0': 1039159.7374906356}, 'HRV_AI': {'0': 50.8833726911}, 'HRV_Ca': {'0': 0.4672246664}, 'HRV_Cd': {'0': 0.5327753336}, 'HRV_GI': {'0': 51.1213341001}, 'HRV_HF': {'0': 0.0228946716}, 'HRV_LF': {'0': 0.0701686289}, 'HRV_PI': {'0': 48.75}, 'HRV_SI': {'0': 51.5722761924}, 'HRV_C1a': {'0': 0.4707237031}, 'HRV_C1d': {'0': 0.5292762969}, 'HRV_C2a': {'0': 0.4657544866}, 'HRV_C2d': {'0': 0.5342455134}, 'HRV_CSI': {'0': 1.5428915879}, 'HRV_CVI': {'0': 6.7236524215}, 'HRV_HFn': {'0': 0.2449302255}, 'HRV_HTI': {'0': 3.7727272727}, 'HRV_LFn': {'0': 0.7506732731}, 'HRV_PAS': {'0': 0.2631578947}, 'HRV_PIP': {'0': 0.5903614458}, 'HRV_PSS': {'0': 0.8541666667}, 'HRV_SD1': {'0': 463.0186813806}, 'HRV_SD2': {'0': 714.3876285534}, 'HRV_ULF': {'0': None}, 'HRV_VHF': {'0': 0.0004109597}, 'HRV_VLF': {'0': None}, 'HRV_ApEn': {'0': 0.6640687123}, 'HRV_CVNN': {'0': 0.3179207618}, 'HRV_CVSD': {'0': 0.3404484645}, 'HRV_IALS': {'0': 0.6}, 'HRV_LFHF': {'0': 3.0648453928}, 'HRV_LnHF': {'0': -3.7768510751}, 'HRV_SD1a': {'0': 317.7078400118}, 'HRV_SD1d': {'0': 336.8884491349}, 'HRV_SD2a': {'0': 487.5424647987}, 'HRV_SD2d': {'0': 522.160922368}, 'HRV_SDNN': {'0': 607.8032106479}, 'HRV_SDSD': {'0': 654.8072988406}, 'HRV_TINN': {'0': 2280}, 'HRV_IQRNN': {'0': 1040}, 'HRV_MCVNN': {'0': 0.3924529412}, 'HRV_MadNN': {'0': 800.604}, 'HRV_RMSSD': {'0': 650.8718355725}, 'HRV_SDNNa': {'0': 411.4826403306}, 'HRV_SDNNd': {'0': 439.4006463404}, 'HRV_pNN20': {'0': 87.9518072289}, 'HRV_pNN50': {'0': 81.9277108434}, 'HRV_MeanNN': {'0': 1911.8072289157}, 'HRV_SD1SD2': {'0': 0.6481336782}, 'HRV_SampEn': {'0': 1.0258529344}, 'HRV_MedianNN': {'0': 2040}, 'HRV_CSI_Modified': {'0': 4408.8906504458}}, 'mode': 'hrv', 'uuid': 'b4ebaf2e-bee8-4b3d-81d4-1ccb4c67c747', 'device': '6D18B021', 'hr_mean': 64, 'message': ''}",2021-05-26 11:39:09.448948+00:00,6
130,6D18B021,b4ebaf2e-bee8-4b3d-81d4-1ccb4c67c747,hrv,,95.0495049505,783.5381292573,63.79,"{'HRV': {'HRV_S': {'0': 1128367.3629713682}, 'HRV_AI': {'0': 49.8818087286}, 'HRV_Ca': {'0': 0.4715599788}, 'HRV_Cd': {'0': 0.5284400212}, 'HRV_GI': {'0': 50.3448275862}, 'HRV_HF': {'0': 0.0586223455}, 'HRV_LF': {'0': 0.0642488207}, 'HRV_PI': {'0': 47}, 'HRV_SI': {'0': 50.9183194188}, 'HRV_C1a': {'0': 0.541206518}, 'HRV_C1d': {'0': 0.458793482}, 'HRV_C2a': {'0': 0.4196565634}, 'HRV_C2d': {'0': 0.5803434366}, 'HRV_CSI': {'0': 1.158398647}, 'HRV_CVI': {'0': 6.759420626}, 'HRV_HFn': {'0': 0.4671069752}, 'HRV_HTI': {'0': 3.15625}, 'HRV_LFn': {'0': 0.5119391263}, 'HRV_PAS': {'0': 0.3913043478}, 'HRV_PIP': {'0': 0.6435643564}, 'HRV_PSS': {'0': 0.8484848485}, 'HRV_SD1': {'0': 556.8283017015}, 'HRV_SD2': {'0': 645.0291513262}, 'HRV_ULF': {'0': None}, 'HRV_VHF': {'0': 0.0026297331}, 'HRV_VLF': {'0': None}, 'HRV_ApEn': {'0': 0.660530865}, 'HRV_CVNN': {'0': 0.3876417578}, 'HRV_CVSD': {'0': 0.5010595863}, 'HRV_IALS': {'0': 0.66}, 'HRV_LFHF': {'0': 1.0959783378}, 'HRV_LnHF': {'0': -2.8366393332}, 'HRV_SD1a': {'0': 409.6463120914}, 'HRV_SD1d': {'0': 377.1691472756}, 'HRV_SD2a': {'0': 417.8557208348}, 'HRV_SD2d': {'0': 491.3849841278}, 'HRV_SDNN': {'0': 606.1795962999}, 'HRV_SDSD': {'0': 787.4741361794}, 'HRV_TINN': {'0': 2560}, 'HRV_IQRNN': {'0': 700}, 'HRV_MCVNN': {'0': 0.3177}, 'HRV_MadNN': {'0': 444.78}, 'HRV_RMSSD': {'0': 783.5381292573}, 'HRV_SDNNa': {'0': 413.7713767556}, 'HRV_SDNNd': {'0': 438.0158491897}, 'HRV_pNN20': {'0': 96.0396039604}, 'HRV_pNN50': {'0': 95.0495049505}, 'HRV_MeanNN': {'0': 1563.7623762376}, 'HRV_SD1SD2': {'0': 0.8632606768}, 'HRV_SampEn': {'0': 2.1355310083}, 'HRV_MedianNN': {'0': 1400}, 'HRV_CSI_Modified': {'0': 2988.8035847981}}, 'mode': 'hrv', 'uuid': 'b4ebaf2e-bee8-4b3d-81d4-1ccb4c67c747', 'device': '6D18B021', 'hr_mean': 63.79, 'message': ''}",2021-05-26 11:40:09.765726+00:00,7
131,6D18B021,b4ebaf2e-bee8-4b3d-81d4-1ccb4c67c747,hrv,,77.7777777778,586.374453741,65.04,"{'HRV': {'HRV_S': {'0': 931439.188937976}, 'HRV_AI': {'0': 51.157576246}, 'HRV_Ca': {'0': 0.5277169005}, 'HRV_Cd': {'0': 0.4722830995}, 'HRV_GI': {'0': 51.6002612671}, 'HRV_HF': {'0': 0.0243438245}, 'HRV_LF': {'0': 0.0718744262}, 'HRV_PI': {'0': 44.5945945946}, 'HRV_SI': {'0': 51.7401618877}, 'HRV_C1a': {'0': 0.4948739948}, 'HRV_C1d': {'0': 0.5051260052}, 'HRV_C2a': {'0': 0.5390359168}, 'HRV_C2d': {'0': 0.4609640832}, 'HRV_CSI': {'0': 1.7037710501}, 'HRV_CVI': {'0': 6.6761246162}, 'HRV_HFn': {'0': 0.2521473562}, 'HRV_HTI': {'0': 3.5217391304}, 'HRV_LFn': {'0': 0.7444576553}, 'HRV_PAS': {'0': 0.3684210526}, 'HRV_PIP': {'0': 0.5925925926}, 'HRV_PSS': {'0': 0.8409090909}, 'HRV_SD1': {'0': 417.1542758662}, 'HRV_SD2': {'0': 710.7353786614}, 'HRV_ULF': {'0': None}, 'HRV_VHF': {'0': 0.0003277726}, 'HRV_VLF': {'0': None}, 'HRV_ApEn': {'0': 0.6078879965}, 'HRV_CVNN': {'0': 0.2982523204}, 'HRV_CVSD': {'0': 0.2977826379}, 'HRV_IALS': {'0': 0.5945945946}, 'HRV_LFHF': {'0': 2.9524705967}, 'HRV_LnHF': {'0': -3.7154770735}, 'HRV_SD1a': {'0': 293.5207494876}, 'HRV_SD1d': {'0': 296.5455116948}, 'HRV_SD2a': {'0': 521.8152726756}, 'HRV_SD2d': {'0': 482.5490645349}, 'HRV_SDNN': {'0': 587.299322175}, 'HRV_SDSD': {'0': 589.9452345318}, 'HRV_TINN': {'0': 2200}, 'HRV_IQRNN': {'0': 1060}, 'HRV_MCVNN': {'0': 0.2156509091}, 'HRV_MadNN': {'0': 474.432}, 'HRV_RMSSD': {'0': 586.374453741}, 'HRV_SDNNa': {'0': 423.3471443019}, 'HRV_SDNNd': {'0': 400.4952185669}, 'HRV_pNN20': {'0': 85.1851851852}, 'HRV_pNN50': {'0': 77.7777777778}, 'HRV_MeanNN': {'0': 1969.1358024691}, 'HRV_SD1SD2': {'0': 0.5869333206}, 'HRV_SampEn': {'0': 1.2039728043}, 'HRV_MedianNN': {'0': 2200}, 'HRV_CSI_Modified': {'0': 4843.7214498848}}, 'mode': 'hrv', 'uuid': 'b4ebaf2e-bee8-4b3d-81d4-1ccb4c67c747', 'device': '6D18B021', 'hr_mean': 65.04, 'message': ''}",2021-05-26 11:41:10.858583+00:00,8
132,6D18B021,b4ebaf2e-bee8-4b3d-81d4-1ccb4c67c747,hrv,,94.0298507463,663.9458262165,69.17,"{'HRV': {'HRV_S': {'0': 765578.3747554151}, 'HRV_AI': {'0': 48.358474239}, 'HRV_Ca': {'0': 0.4921291033}, 'HRV_Cd': {'0': 0.5078708967}, 'HRV_GI': {'0': 48.8345650938}, 'HRV_HF': {'0': 0.1226966328}, 'HRV_LF': {'0': 0.0841610448}, 'HRV_PI': {'0': 48.8549618321}, 'HRV_SI': {'0': 49.5631680408}, 'HRV_C1a': {'0': 0.5203378498}, 'HRV_C1d': {'0': 0.4796621502}, 'HRV_C2a': {'0': 0.468709453}, 'HRV_C2d': {'0': 0.531290547}, 'HRV_CSI': {'0': 1.0976821535}, 'HRV_CVI': {'0': 6.5909597674}, 'HRV_HFn': {'0': 0.5706741974}, 'HRV_HTI': {'0': 4.4666666667}, 'HRV_LFn': {'0': 0.3914413591}, 'HRV_PAS': {'0': 0.2121212121}, 'HRV_PIP': {'0': 0.6791044776}, 'HRV_PSS': {'0': 0.9333333333}, 'HRV_SD1': {'0': 471.1742964015}, 'HRV_SD2': {'0': 517.1996163507}, 'HRV_ULF': {'0': None}, 'HRV_VHF': {'0': 0.0081452669}, 'HRV_VLF': {'0': None}, 'HRV_ApEn': {'0': 0.6849842893}, 'HRV_CVNN': {'0': 0.4184417527}, 'HRV_CVSD': {'0': 0.5564719834}, 'HRV_IALS': {'0': 0.6870229008}, 'HRV_LFHF': {'0': 0.6859279093}, 'HRV_LnHF': {'0': -2.09804037}, 'HRV_SD1a': {'0': 339.9376056831}, 'HRV_SD1d': {'0': 326.3805178381}, 'HRV_SD2a': {'0': 354.0870554575}, 'HRV_SD2d': {'0': 376.9851460081}, 'HRV_SDNN': {'0': 499.2572195711}, 'HRV_SDSD': {'0': 666.3410802126}, 'HRV_TINN': {'0': 2280}, 'HRV_IQRNN': {'0': 660}, 'HRV_MCVNN': {'0': 0.4146254237}, 'HRV_MadNN': {'0': 489.258}, 'HRV_RMSSD': {'0': 663.9458262165}, 'HRV_SDNNa': {'0': 347.0844411668}, 'HRV_SDNNd': {'0': 352.5918623104}, 'HRV_pNN20': {'0': 94.776119403}, 'HRV_pNN50': {'0': 94.0298507463}, 'HRV_MeanNN': {'0': 1193.1343283582}, 'HRV_SD1SD2': {'0': 0.9110105296}, 'HRV_SampEn': {'0': 2.181224236}, 'HRV_MedianNN': {'0': 1180}, 'HRV_CSI_Modified': {'0': 2270.8831546737}}, 'mode': 'hrv', 'uuid': 'b4ebaf2e-bee8-4b3d-81d4-1ccb4c67c747', 'device': '6D18B021', 'hr_mean': 69.17, 'message': ''}",2021-05-26 11:42:11.026721+00:00,9
133,6D18B021,b4ebaf2e-bee8-4b3d-81d4-1ccb4c67c747,hrv,,94.2307692308,724.0366884444,64.39,"{'HRV': {'HRV_S': {'0': 977084.061192876}, 'HRV_AI': {'0': 49.0654585136}, 'HRV_Ca': {'0': 0.516013803}, 'HRV_Cd': {'0': 0.483986197}, 'HRV_GI': {'0': 49.5864796836}, 'HRV_HF': {'0': 0.0506258383}, 'HRV_LF': {'0': 0.0560545559}, 'HRV_PI': {'0': 46.6019417476}, 'HRV_SI': {'0': 50.1563956428}, 'HRV_C1a': {'0': 0.550400403}, 'HRV_C1d': {'0': 0.449599597}, 'HRV_C2a': {'0': 0.4911100381}, 'HRV_C2d': {'0': 0.5088899619}, 'HRV_CSI': {'0': 1.1750879589}, 'HRV_CVI': {'0': 6.6969020388}, 'HRV_HFn': {'0': 0.466798493}, 'HRV_HTI': {'0': 3.3548387097}, 'HRV_LFn': {'0': 0.5168542999}, 'HRV_PAS': {'0': 0.32}, 'HRV_PIP': {'0': 0.6826923077}, 'HRV_PSS': {'0': 0.9027777778}, 'HRV_SD1': {'0': 514.4650068659}, 'HRV_SD2': {'0': 604.5416348237}, 'HRV_ULF': {'0': None}, 'HRV_VHF': {'0': 0.0017729086}, 'HRV_VLF': {'0': None}, 'HRV_ApEn': {'0': 0.5931756831}, 'HRV_CVNN': {'0': 0.3679480182}, 'HRV_CVSD': {'0': 0.4747182928}, 'HRV_IALS': {'0': 0.6990291262}, 'HRV_LFHF': {'0': 1.1072321518}, 'HRV_LnHF': {'0': -2.983293194}, 'HRV_SD1a': {'0': 381.6835769865}, 'HRV_SD1d': {'0': 344.9666082164}, 'HRV_SD2a': {'0': 423.6582048182}, 'HRV_SD2d': {'0': 431.2589868345}, 'HRV_SDNN': {'0': 561.1914869176}, 'HRV_SDSD': {'0': 727.5633900761}, 'HRV_TINN': {'0': 2360}, 'HRV_IQRNN': {'0': 525}, 'HRV_MCVNN': {'0': 0.2676916667}, 'HRV_MadNN': {'0': 385.476}, 'HRV_RMSSD': {'0': 724.0366884444}, 'HRV_SDNNa': {'0': 403.2174521589}, 'HRV_SDNNd': {'0': 390.5036968518}, 'HRV_pNN20': {'0': 96.1538461538}, 'HRV_pNN50': {'0': 94.2307692308}, 'HRV_MeanNN': {'0': 1525.1923076923}, 'HRV_SD1SD2': {'0': 0.8510001251}, 'HRV_SampEn': {'0': 1.3391475827}, 'HRV_MedianNN': {'0': 1440}, 'HRV_CSI_Modified': {'0': 2841.5583828468}}, 'mode': 'hrv', 'uuid': 'b4ebaf2e-bee8-4b3d-81d4-1ccb4c67c747', 'device': '6D18B021', 'hr_mean': 64.39, 'message': ''}",2021-05-26 11:43:10.526111+00:00,10
134,6D18B021,b4ebaf2e-bee8-4b3d-81d4-1ccb4c67c747,hrv,,87.0,717.8812822142,64.55,"{'HRV': {'HRV_S': {'0': 1256272.6444685934}, 'HRV_AI': {'0': 49.4372079401}, 'HRV_Ca': {'0': 0.4509795031}, 'HRV_Cd': {'0': 0.5490204969}, 'HRV_GI': {'0': 49.6312684366}, 'HRV_HF': {'0': 0.0274585368}, 'HRV_LF': {'0': 0.0827198923}, 'HRV_PI': {'0': 47.9166666667}, 'HRV_SI': {'0': 49.9296968261}, 'HRV_C1a': {'0': 0.5000392003}, 'HRV_C1d': {'0': 0.4999607997}, 'HRV_C2a': {'0': 0.430191546}, 'HRV_C2d': {'0': 0.569808454}, 'HRV_CSI': {'0': 1.5362553376}, 'HRV_CVI': {'0': 6.806054013}, 'HRV_HFn': {'0': 0.2443468873}, 'HRV_HTI': {'0': 4.7619047619}, 'HRV_LFn': {'0': 0.7361043426}, 'HRV_PAS': {'0': 0.2222222222}, 'HRV_PIP': {'0': 0.62}, 'HRV_PSS': {'0': 0.8666666667}, 'HRV_SD1': {'0': 510.1939599078}, 'HRV_SD2': {'0': 783.7881940994}, 'HRV_ULF': {'0': None}, 'HRV_VHF': {'0': 0.0021967975}, 'HRV_VLF': {'0': None}, 'HRV_ApEn': {'0': 0.5523565444}, 'HRV_CVNN': {'0': 0.4202011021}, 'HRV_CVSD': {'0': 0.4528076714}, 'HRV_IALS': {'0': 0.625}, 'HRV_LFHF': {'0': 3.0125382431}, 'HRV_LnHF': {'0': -3.5950781635}, 'HRV_SD1a': {'0': 360.7814647486}, 'HRV_SD1d': {'0': 360.7531803642}, 'HRV_SD2a': {'0': 514.0787513365}, 'HRV_SD2d': {'0': 591.6476744093}, 'HRV_SDNN': {'0': 666.1868273156}, 'HRV_SDSD': {'0': 721.5232175425}, 'HRV_TINN': {'0': 2500}, 'HRV_IQRNN': {'0': 1115}, 'HRV_MCVNN': {'0': 0.5456791667}, 'HRV_MadNN': {'0': 785.778}, 'HRV_RMSSD': {'0': 717.8812822142}, 'HRV_SDNNa': {'0': 444.0947128045}, 'HRV_SDNNd': {'0': 489.9948100627}, 'HRV_pNN20': {'0': 93}, 'HRV_pNN50': {'0': 87}, 'HRV_MeanNN': {'0': 1585.4}, 'HRV_SD1SD2': {'0': 0.6509334585}, 'HRV_SampEn': {'0': 1.7657839828}, 'HRV_MedianNN': {'0': 1440}, 'HRV_CSI_Modified': {'0': 4816.3951868079}}, 'mode': 'hrv', 'uuid': 'b4ebaf2e-bee8-4b3d-81d4-1ccb4c67c747', 'device': '6D18B021', 'hr_mean': 64.55, 'message': ''}",2021-05-26 11:44:11.193304+00:00,11
135,6D18B021,b4ebaf2e-bee8-4b3d-81d4-1ccb4c67c747,hrv,,90.5982905983,620.8531393894,60.88,"{'HRV': {'HRV_S': {'0': 794866.3288251461}, 'HRV_AI': {'0': 49.4108273834}, 'HRV_Ca': {'0': 0.4987963818}, 'HRV_Cd': {'0': 0.5012036182}, 'HRV_GI': {'0': 49.6112550907}, 'HRV_HF': {'0': 0.0261019443}, 'HRV_LF': {'0': 0.0150486921}, 'HRV_PI': {'0': 49.5495495495}, 'HRV_SI': {'0': 50.1913098121}, 'HRV_C1a': {'0': 0.511660986}, 'HRV_C1d': {'0': 0.488339014}, 'HRV_C2a': {'0': 0.4912017096}, 'HRV_C2d': {'0': 0.5087982904}, 'HRV_CSI': {'0': 1.3015207067}, 'HRV_CVI': {'0': 6.6072642103}, 'HRV_HFn': {'0': 0.6082084469}, 'HRV_HTI': {'0': 4.875}, 'HRV_LFn': {'0': 0.3506536343}, 'HRV_PAS': {'0': 0.3461538462}, 'HRV_PIP': {'0': 0.7521367521}, 'HRV_PSS': {'0': 0.9880952381}, 'HRV_SD1': {'0': 440.9065725266}, 'HRV_SD2': {'0': 573.8490338436}, 'HRV_ULF': {'0': None}, 'HRV_VHF': {'0': 0.0017654797}, 'HRV_VLF': {'0': None}, 'HRV_ApEn': {'0': 0.7787448173}, 'HRV_CVNN': {'0': 0.3764379733}, 'HRV_CVSD': {'0': 0.4579486654}, 'HRV_IALS': {'0': 0.7567567568}, 'HRV_LFHF': {'0': 0.5765352916}, 'HRV_LnHF': {'0': -3.645745474}, 'HRV_SD1a': {'0': 315.3879598485}, 'HRV_SD1d': {'0': 308.1162965082}, 'HRV_SD2a': {'0': 402.1865934173}, 'HRV_SD2d': {'0': 409.3270791416}, 'HRV_SDNN': {'0': 510.3469344633}, 'HRV_SDSD': {'0': 623.5360546066}, 'HRV_TINN': {'0': 2500}, 'HRV_IQRNN': {'0': 400}, 'HRV_MCVNN': {'0': 0.2212835821}, 'HRV_MadNN': {'0': 296.52}, 'HRV_RMSSD': {'0': 620.8531393894}, 'HRV_SDNNa': {'0': 361.4025602718}, 'HRV_SDNNd': {'0': 362.2735912901}, 'HRV_pNN20': {'0': 94.0170940171}, 'HRV_pNN50': {'0': 90.5982905983}, 'HRV_MeanNN': {'0': 1355.7264957265}, 'HRV_SD1SD2': {'0': 0.7683319942}, 'HRV_SampEn': {'0': 1.5618098634}, 'HRV_MedianNN': {'0': 1340}, 'HRV_CSI_Modified': {'0': 2987.5056001649}}, 'mode': 'hrv', 'uuid': 'b4ebaf2e-bee8-4b3d-81d4-1ccb4c67c747', 'device': '6D18B021', 'hr_mean': 60.88, 'message': ''}",2021-05-26 11:45:08.575742+00:00,12
136,6D18B021,b4ebaf2e-bee8-4b3d-81d4-1ccb4c67c747,hrv,,89.1666666667,537.9606683321,62.63,"{'HRV': {'HRV_S': {'0': 549019.5801424193}, 'HRV_AI': {'0': 52.0624789777}, 'HRV_Ca': {'0': 0.5021911545}, 'HRV_Cd': {'0': 0.4978088455}, 'HRV_GI': {'0': 51.3634513635}, 'HRV_HF': {'0': 0.0399137637}, 'HRV_LF': {'0': 0.0341871139}, 'HRV_PI': {'0': 51.7543859649}, 'HRV_SI': {'0': 50.9626651866}, 'HRV_C1a': {'0': 0.4561250682}, 'HRV_C1d': {'0': 0.5438749318}, 'HRV_C2a': {'0': 0.5342972199}, 'HRV_C2d': {'0': 0.4657027801}, 'HRV_CSI': {'0': 1.1980978189}, 'HRV_CVI': {'0': 6.4465579433}, 'HRV_HFn': {'0': 0.5221431069}, 'HRV_HTI': {'0': 4.1379310345}, 'HRV_LFn': {'0': 0.4472283297}, 'HRV_PAS': {'0': 0.2580645161}, 'HRV_PIP': {'0': 0.6583333333}, 'HRV_PSS': {'0': 0.92}, 'HRV_SD1': {'0': 381.9203868386}, 'HRV_SD2': {'0': 457.5779824544}, 'HRV_ULF': {'0': None}, 'HRV_VHF': {'0': 0.0023413145}, 'HRV_VLF': {'0': None}, 'HRV_ApEn': {'0': 0.7340587425}, 'HRV_CVNN': {'0': 0.3196364644}, 'HRV_CVSD': {'0': 0.4028662019}, 'HRV_IALS': {'0': 0.6578947368}, 'HRV_LFHF': {'0': 0.8565244351}, 'HRV_LnHF': {'0': -3.2210340602}, 'HRV_SD1a': {'0': 257.9942188289}, 'HRV_SD1d': {'0': 281.7198993591}, 'HRV_SD2a': {'0': 334.4695426328}, 'HRV_SD2d': {'0': 312.262285712}, 'HRV_SDNN': {'0': 426.8212255071}, 'HRV_SDSD': {'0': 540.1169908139}, 'HRV_TINN': {'0': 2380}, 'HRV_IQRNN': {'0': 460}, 'HRV_MCVNN': {'0': 0.2603038168}, 'HRV_MadNN': {'0': 340.998}, 'HRV_RMSSD': {'0': 537.9606683321}, 'HRV_SDNNa': {'0': 298.6895477734}, 'HRV_SDNNd': {'0': 297.3834534511}, 'HRV_pNN20': {'0': 91.6666666667}, 'HRV_pNN50': {'0': 89.1666666667}, 'HRV_MeanNN': {'0': 1335.3333333333}, 'HRV_SD1SD2': {'0': 0.8346563897}, 'HRV_SampEn': {'0': 1.6959115104}, 'HRV_MedianNN': {'0': 1310}, 'HRV_CSI_Modified': {'0': 2192.8927309718}}, 'mode': 'hrv', 'uuid': 'b4ebaf2e-bee8-4b3d-81d4-1ccb4c67c747', 'device': '6D18B021', 'hr_mean': 62.63, 'message': ''}",2021-05-26 11:46:07.501273+00:00,13
137,6D18B021,b4ebaf2e-bee8-4b3d-81d4-1ccb4c67c747,hrv,,95.7983193277,717.3822468779,60.57,"{'HRV': {'HRV_S': {'0': 781777.2372926084}, 'HRV_AI': {'0': 50.2998030566}, 'HRV_Ca': {'0': 0.469320237}, 'HRV_Cd': {'0': 0.530679763}, 'HRV_GI': {'0': 50.0600240096}, 'HRV_HF': {'0': 0.1018061539}, 'HRV_LF': {'0': 0.0280806138}, 'HRV_PI': {'0': 49.1525423729}, 'HRV_SI': {'0': 50.0482895643}, 'HRV_C1a': {'0': 0.4862005823}, 'HRV_C1d': {'0': 0.5137994177}, 'HRV_C2a': {'0': 0.4509612194}, 'HRV_C2d': {'0': 0.5490387806}, 'HRV_CSI': {'0': 0.9588841423}, 'HRV_CVI': {'0': 6.6000531311}, 'HRV_HFn': {'0': 0.7578675922}, 'HRV_HTI': {'0': 3.8387096774}, 'HRV_LFn': {'0': 0.209038318}, 'HRV_PAS': {'0': 0.3846153846}, 'HRV_PIP': {'0': 0.731092437}, 'HRV_PSS': {'0': 0.9545454545}, 'HRV_SD1': {'0': 509.4288143938}, 'HRV_SD2': {'0': 488.4832117708}, 'HRV_ULF': {'0': None}, 'HRV_VHF': {'0': 0.0044456077}, 'HRV_VLF': {'0': None}, 'HRV_ApEn': {'0': 0.7585302696}, 'HRV_CVNN': {'0': 0.3819109275}, 'HRV_CVSD': {'0': 0.535830325}, 'HRV_IALS': {'0': 0.7457627119}, 'HRV_LFHF': {'0': 0.2758243263}, 'HRV_LnHF': {'0': -2.2846847263}, 'HRV_SD1a': {'0': 355.2151147935}, 'HRV_SD1d': {'0': 365.1577343288}, 'HRV_SD2a': {'0': 328.0342876293}, 'HRV_SD2d': {'0': 361.9521436896}, 'HRV_SDNN': {'0': 511.3113358352}, 'HRV_SDSD': {'0': 720.4411383793}, 'HRV_TINN': {'0': 2400}, 'HRV_IQRNN': {'0': 540}, 'HRV_MCVNN': {'0': 0.2876686567}, 'HRV_MadNN': {'0': 385.476}, 'HRV_RMSSD': {'0': 717.3822468779}, 'HRV_SDNNa': {'0': 341.8949192648}, 'HRV_SDNNd': {'0': 363.5584720933}, 'HRV_pNN20': {'0': 96.6386554622}, 'HRV_pNN50': {'0': 95.7983193277}, 'HRV_MeanNN': {'0': 1338.8235294118}, 'HRV_SD1SD2': {'0': 1.0428788587}, 'HRV_SampEn': {'0': 1.5520058633}, 'HRV_MedianNN': {'0': 1340}, 'HRV_CSI_Modified': {'0': 1873.5952222561}}, 'mode': 'hrv', 'uuid': 'b4ebaf2e-bee8-4b3d-81d4-1ccb4c67c747', 'device': '6D18B021', 'hr_mean': 60.57, 'message': ''}",2021-05-26 11:47:07.627275+00:00,14
138,6D18B021,b4ebaf2e-bee8-4b3d-81d4-1ccb4c67c747,hrv,,94.7368421053,590.4010936028,59.89,"{'HRV': {'HRV_S': {'0': 647300.0572465858}, 'HRV_AI': {'0': 50.7728098321}, 'HRV_Ca': {'0': 0.510568226}, 'HRV_Cd': {'0': 0.489431774}, 'HRV_GI': {'0': 50.2677888294}, 'HRV_HF': {'0': 0.0552725452}, 'HRV_LF': {'0': 0.048151634}, 'HRV_PI': {'0': 52.2123893805}, 'HRV_SI': {'0': 49.7974982818}, 'HRV_C1a': {'0': 0.4543017304}, 'HRV_C1d': {'0': 0.5456982696}, 'HRV_C2a': {'0': 0.5515489979}, 'HRV_C2d': {'0': 0.4484510021}, 'HRV_CSI': {'0': 1.1717600603}, 'HRV_CVI': {'0': 6.5180757554}, 'HRV_HFn': {'0': 0.5229295892}, 'HRV_HTI': {'0': 3.6774193548}, 'HRV_LFn': {'0': 0.4555591586}, 'HRV_PAS': {'0': 0.1379310345}, 'HRV_PIP': {'0': 0.6929824561}, 'HRV_PSS': {'0': 0.95}, 'HRV_SD1': {'0': 419.3325169811}, 'HRV_SD2': {'0': 491.357095396}, 'HRV_ULF': {'0': None}, 'HRV_VHF': {'0': 0.0022736936}, 'HRV_VLF': {'0': None}, 'HRV_ApEn': {'0': 0.7415850281}, 'HRV_CVNN': {'0': 0.3277628089}, 'HRV_CVSD': {'0': 0.4243740521}, 'HRV_IALS': {'0': 0.7079646018}, 'HRV_LFHF': {'0': 0.8711673007}, 'HRV_LnHF': {'0': -2.8954789632}, 'HRV_SD1a': {'0': 282.6406097604}, 'HRV_SD1d': {'0': 309.7694995592}, 'HRV_SD2a': {'0': 364.9129549743}, 'HRV_SD2d': {'0': 329.0445721903}, 'HRV_SDNN': {'0': 455.9928200624}, 'HRV_SDSD': {'0': 593.0257326588}, 'HRV_TINN': {'0': 2500}, 'HRV_IQRNN': {'0': 420}, 'HRV_MCVNN': {'0': 0.2056160584}, 'HRV_MadNN': {'0': 281.694}, 'HRV_RMSSD': {'0': 590.4010936028}, 'HRV_SDNNa': {'0': 326.3795175817}, 'HRV_SDNNd': {'0': 319.5524005113}, 'HRV_pNN20': {'0': 99.1228070175}, 'HRV_pNN50': {'0': 94.7368421053}, 'HRV_MeanNN': {'0': 1391.2280701754}, 'HRV_SD1SD2': {'0': 0.8534170381}, 'HRV_SampEn': {'0': 1.431189681}, 'HRV_MedianNN': {'0': 1370}, 'HRV_CSI_Modified': {'0': 2303.0104789782}}, 'mode': 'hrv', 'uuid': 'b4ebaf2e-bee8-4b3d-81d4-1ccb4c67c747', 'device': '6D18B021', 'hr_mean': 59.89, 'message': ''}",2021-05-26 11:48:07.556258+00:00,15
139,6D18B021,b4ebaf2e-bee8-4b3d-81d4-1ccb4c67c747,hrv,,89.5238095238,706.7694651887,62.28,"{'HRV': {'HRV_S': {'0': 1100702.3273378382}, 'HRV_AI': {'0': 50.5820254344}, 'HRV_Ca': {'0': 0.425664051}, 'HRV_Cd': {'0': 0.574335949}, 'HRV_GI': {'0': 50.2382573179}, 'HRV_HF': {'0': 0.0143284784}, 'HRV_LF': {'0': 0.0535962687}, 'HRV_PI': {'0': 50.4854368932}, 'HRV_SI': {'0': 49.7333950432}, 'HRV_C1a': {'0': 0.4629338754}, 'HRV_C1d': {'0': 0.5370661246}, 'HRV_C2a': {'0': 0.4063552916}, 'HRV_C2d': {'0': 0.5936447084}, 'HRV_CSI': {'0': 1.3893275209}, 'HRV_CVI': {'0': 6.7486399947}, 'HRV_HFn': {'0': 0.2087528856}, 'HRV_HTI': {'0': 4.0384615385}, 'HRV_LFn': {'0': 0.7808488427}, 'HRV_PAS': {'0': 0.2592592593}, 'HRV_PIP': {'0': 0.6476190476}, 'HRV_PSS': {'0': 0.8823529412}, 'HRV_SD1': {'0': 502.1780046155}, 'HRV_SD2': {'0': 697.6897222039}, 'HRV_ULF': {'0': None}, 'HRV_VHF': {'0': 0.0007137214}, 'HRV_VLF': {'0': None}, 'HRV_ApEn': {'0': 0.6825294525}, 'HRV_CVNN': {'0': 0.4012214609}, 'HRV_CVSD': {'0': 0.4683842076}, 'HRV_IALS': {'0': 0.6601941748}, 'HRV_LFHF': {'0': 3.7405415523}, 'HRV_LnHF': {'0': -4.2455062285}, 'HRV_SD1a': {'0': 341.6805980268}, 'HRV_SD1d': {'0': 368.0227937221}, 'HRV_SD2a': {'0': 444.7493122241}, 'HRV_SD2d': {'0': 537.5583668265}, 'HRV_SDNN': {'0': 605.4240786575}, 'HRV_SDSD': {'0': 710.1869448528}, 'HRV_TINN': {'0': 2320}, 'HRV_IQRNN': {'0': 760}, 'HRV_MCVNN': {'0': 0.3758704225}, 'HRV_MadNN': {'0': 533.736}, 'HRV_RMSSD': {'0': 706.7694651887}, 'HRV_SDNNa': {'0': 396.5775975719}, 'HRV_SDNNd': {'0': 460.6570169031}, 'HRV_pNN20': {'0': 93.3333333333}, 'HRV_pNN50': {'0': 89.5238095238}, 'HRV_MeanNN': {'0': 1508.9523809524}, 'HRV_SD1SD2': {'0': 0.719772685}, 'HRV_SampEn': {'0': 1.645155995}, 'HRV_MedianNN': {'0': 1420}, 'HRV_CSI_Modified': {'0': 3877.2781284332}}, 'mode': 'hrv', 'uuid': 'b4ebaf2e-bee8-4b3d-81d4-1ccb4c67c747', 'device': '6D18B021', 'hr_mean': 62.28, 'message': ''}",2021-05-26 11:49:07.840043+00:00,16
140,6D18B021,b4ebaf2e-bee8-4b3d-81d4-1ccb4c67c747,hrv,,93.6936936937,761.1331265709,63.53,"{'HRV': {'HRV_S': {'0': 823006.7040450671}, 'HRV_AI': {'0': 50.2928032523}, 'HRV_Ca': {'0': 0.4988231967}, 'HRV_Cd': {'0': 0.5011768033}, 'HRV_GI': {'0': 49.9106611078}, 'HRV_HF': {'0': 0.1064366177}, 'HRV_LF': {'0': 0.06067821}, 'HRV_PI': {'0': 47.2727272727}, 'HRV_SI': {'0': 49.7468001436}, 'HRV_C1a': {'0': 0.4850797796}, 'HRV_C1d': {'0': 0.5149202204}, 'HRV_C2a': {'0': 0.5159352339}, 'HRV_C2d': {'0': 0.4840647661}, 'HRV_CSI': {'0': 0.8961835188}, 'HRV_CVI': {'0': 6.6223734829}, 'HRV_HFn': {'0': 0.6271426369}, 'HRV_HTI': {'0': 4.1111111111}, 'HRV_LFn': {'0': 0.3575263238}, 'HRV_PAS': {'0': 0.2307692308}, 'HRV_PIP': {'0': 0.7117117117}, 'HRV_PSS': {'0': 0.95}, 'HRV_SD1': {'0': 540.6650215749}, 'HRV_SD2': {'0': 484.5350815001}, 'HRV_ULF': {'0': None}, 'HRV_VHF': {'0': 0.0026019344}, 'HRV_VLF': {'0': None}, 'HRV_ApEn': {'0': 0.7521796759}, 'HRV_CVNN': {'0': 0.3613950845}, 'HRV_CVSD': {'0': 0.5333024684}, 'HRV_IALS': {'0': 0.7272727273}, 'HRV_LFHF': {'0': 0.5700877324}, 'HRV_LnHF': {'0': -2.2402056097}, 'HRV_SD1a': {'0': 376.5609713414}, 'HRV_SD1d': {'0': 387.9704897507}, 'HRV_SD2a': {'0': 348.0349193727}, 'HRV_SD2d': {'0': 337.1141351258}, 'HRV_SDNN': {'0': 515.785669319}, 'HRV_SDSD': {'0': 764.615806212}, 'HRV_TINN': {'0': 2320}, 'HRV_IQRNN': {'0': 540}, 'HRV_MCVNN': {'0': 0.3270441176}, 'HRV_MadNN': {'0': 444.78}, 'HRV_RMSSD': {'0': 761.1331265709}, 'HRV_SDNNa': {'0': 362.5785916462}, 'HRV_SDNNd': {'0': 363.432965634}, 'HRV_pNN20': {'0': 96.3963963964}, 'HRV_pNN50': {'0': 93.6936936937}, 'HRV_MeanNN': {'0': 1427.2072072072}, 'HRV_SD1SD2': {'0': 1.1158428816}, 'HRV_SampEn': {'0': 1.9021075264}, 'HRV_MedianNN': {'0': 1360}, 'HRV_CSI_Modified': {'0': 1736.9294171866}}, 'mode': 'hrv', 'uuid': 'b4ebaf2e-bee8-4b3d-81d4-1ccb4c67c747', 'device': '6D18B021', 'hr_mean': 63.53, 'message': ''}",2021-05-26 11:50:07.766774+00:00,17
141,6D18B021,b4ebaf2e-bee8-4b3d-81d4-1ccb4c67c747,hrv,,92.4242424242,542.1669836572,58.77,"{'HRV': {'HRV_S': {'0': 515006.6575580524}, 'HRV_AI': {'0': 50.7606877071}, 'HRV_Ca': {'0': 0.5307004782}, 'HRV_Cd': {'0': 0.4692995218}, 'HRV_GI': {'0': 50.0897021887}, 'HRV_HF': {'0': 0.1093570938}, 'HRV_LF': {'0': 0.0591396885}, 'HRV_PI': {'0': 55.8139534884}, 'HRV_SI': {'0': 49.3270562}, 'HRV_C1a': {'0': 0.4393509718}, 'HRV_C1d': {'0': 0.5606490282}, 'HRV_C2a': {'0': 0.6052607642}, 'HRV_C2d': {'0': 0.3947392358}, 'HRV_CSI': {'0': 1.1068779862}, 'HRV_CVI': {'0': 6.4187829532}, 'HRV_HFn': {'0': 0.6128582645}, 'HRV_HTI': {'0': 4.5517241379}, 'HRV_LFn': {'0': 0.3314302311}, 'HRV_PAS': {'0': 0.3548387097}, 'HRV_PIP': {'0': 0.696969697}, 'HRV_PSS': {'0': 0.9120879121}, 'HRV_SD1': {'0': 384.8412443119}, 'HRV_SD2': {'0': 425.9723014988}, 'HRV_ULF': {'0': None}, 'HRV_VHF': {'0': 0.0099410395}, 'HRV_VLF': {'0': None}, 'HRV_ApEn': {'0': 0.8318559571}, 'HRV_CVNN': {'0': 0.3342535035}, 'HRV_CVSD': {'0': 0.4472877615}, 'HRV_IALS': {'0': 0.7054263566}, 'HRV_LFHF': {'0': 0.540794259}, 'HRV_LnHF': {'0': -2.2131366612}, 'HRV_SD1a': {'0': 255.0867122553}, 'HRV_SD1d': {'0': 288.1559406881}, 'HRV_SD2a': {'0': 331.4000894439}, 'HRV_SD2d': {'0': 267.6310564204}, 'HRV_SDNN': {'0': 405.1557617785}, 'HRV_SDSD': {'0': 544.2477070665}, 'HRV_TINN': {'0': 2200}, 'HRV_IQRNN': {'0': 560}, 'HRV_MCVNN': {'0': 0.3347806452}, 'HRV_MadNN': {'0': 415.128}, 'HRV_RMSSD': {'0': 542.1669836572}, 'HRV_SDNNa': {'0': 295.7154460395}, 'HRV_SDNNd': {'0': 278.0829269432}, 'HRV_pNN20': {'0': 96.9696969697}, 'HRV_pNN50': {'0': 92.4242424242}, 'HRV_MeanNN': {'0': 1212.1212121212}, 'HRV_SD1SD2': {'0': 0.9034419444}, 'HRV_SampEn': {'0': 1.7147984281}, 'HRV_MedianNN': {'0': 1240}, 'HRV_CSI_Modified': {'0': 1885.997452987}}, 'mode': 'hrv', 'uuid': 'b4ebaf2e-bee8-4b3d-81d4-1ccb4c67c747', 'device': '6D18B021', 'hr_mean': 58.77, 'message': ''}",2021-05-26 11:51:07.688838+00:00,18
142,6D18B021,b4ebaf2e-bee8-4b3d-81d4-1ccb4c67c747,hrv,,90.4761904762,552.7038990273,59.79,"{'HRV': {'HRV_S': {'0': 512084.0237899806}, 'HRV_AI': {'0': 50.6987197044}, 'HRV_Ca': {'0': 0.4821906803}, 'HRV_Cd': {'0': 0.5178093197}, 'HRV_GI': {'0': 50.9867240761}, 'HRV_HF': {'0': 0.1248086686}, 'HRV_LF': {'0': 0.0428544417}, 'HRV_PI': {'0': 46.7741935484}, 'HRV_SI': {'0': 51.5958907083}, 'HRV_C1a': {'0': 0.5114023234}, 'HRV_C1d': {'0': 0.4885976766}, 'HRV_C2a': {'0': 0.4561321482}, 'HRV_C2d': {'0': 0.5438678518}, 'HRV_CSI': {'0': 1.0589076198}, 'HRV_CVI': {'0': 6.4163113367}, 'HRV_HFn': {'0': 0.6697453717}, 'HRV_HTI': {'0': 4.6666666667}, 'HRV_LFn': {'0': 0.2299645073}, 'HRV_PAS': {'0': 0.2580645161}, 'HRV_PIP': {'0': 0.6587301587}, 'HRV_PSS': {'0': 0.8915662651}, 'HRV_SD1': {'0': 392.3436610767}, 'HRV_SD2': {'0': 415.4556922923}, 'HRV_ULF': {'0': None}, 'HRV_VHF': {'0': 0.0186893064}, 'HRV_VLF': {'0': None}, 'HRV_ApEn': {'0': 0.8030658632}, 'HRV_CVNN': {'0': 0.3196125856}, 'HRV_CVSD': {'0': 0.4356355015}, 'HRV_IALS': {'0': 0.6693548387}, 'HRV_LFHF': {'0': 0.3433610996}, 'HRV_LnHF': {'0': -2.0809733659}, 'HRV_SD1a': {'0': 280.6099347562}, 'HRV_SD1d': {'0': 274.282054027}, 'HRV_SD2a': {'0': 280.5886212026}, 'HRV_SD2d': {'0': 306.3877574409}, 'HRV_SDNN': {'0': 405.5021265088}, 'HRV_SDSD': {'0': 554.8577266058}, 'HRV_TINN': {'0': 1960}, 'HRV_IQRNN': {'0': 480}, 'HRV_MCVNN': {'0': 0.2655402985}, 'HRV_MadNN': {'0': 355.824}, 'HRV_RMSSD': {'0': 552.7038990273}, 'HRV_SDNNa': {'0': 280.5992781818}, 'HRV_SDNNd': {'0': 290.7783546543}, 'HRV_pNN20': {'0': 95.2380952381}, 'HRV_pNN50': {'0': 90.4761904762}, 'HRV_MeanNN': {'0': 1268.7301587302}, 'HRV_SD1SD2': {'0': 0.9443694439}, 'HRV_SampEn': {'0': 1.7047480922}, 'HRV_MedianNN': {'0': 1340}, 'HRV_CSI_Modified': {'0': 1759.7167930215}}, 'mode': 'hrv', 'uuid': 'b4ebaf2e-bee8-4b3d-81d4-1ccb4c67c747', 'device': '6D18B021', 'hr_mean': 59.79, 'message': ''}",2021-05-26 11:52:07.768443+00:00,19
143,6D18B021,b4ebaf2e-bee8-4b3d-81d4-1ccb4c67c747,hrv,,90.4,496.5331421872,58.68,"{'HRV': {'HRV_S': {'0': 517570.3998373062}, 'HRV_AI': {'0': 50.0813697101}, 'HRV_Ca': {'0': 0.5279219974}, 'HRV_Cd': {'0': 0.4720780026}, 'HRV_GI': {'0': 49.9377851514}, 'HRV_HF': {'0': 0.0357874077}, 'HRV_LF': {'0': 0.0477758213}, 'HRV_PI': {'0': 52.8925619835}, 'HRV_SI': {'0': 49.7804215991}, 'HRV_C1a': {'0': 0.4819767366}, 'HRV_C1d': {'0': 0.5180232634}, 'HRV_C2a': {'0': 0.5540657133}, 'HRV_C2d': {'0': 0.4459342867}, 'HRV_CSI': {'0': 1.3256745199}, 'HRV_CVI': {'0': 6.4209395408}, 'HRV_HFn': {'0': 0.4133526852}, 'HRV_HTI': {'0': 4.3103448276}, 'HRV_LFn': {'0': 0.551821585}, 'HRV_PAS': {'0': 0.2903225806}, 'HRV_PIP': {'0': 0.664}, 'HRV_PSS': {'0': 0.9024390244}, 'HRV_SD1': {'0': 352.5261390743}, 'HRV_SD2': {'0': 467.3349201762}, 'HRV_ULF': {'0': None}, 'HRV_VHF': {'0': 0.0030151554}, 'HRV_VLF': {'0': None}, 'HRV_ApEn': {'0': 0.8530321444}, 'HRV_CVNN': {'0': 0.3254901914}, 'HRV_CVSD': {'0': 0.3916370695}, 'HRV_IALS': {'0': 0.6776859504}, 'HRV_LFHF': {'0': 1.3349897187}, 'HRV_LnHF': {'0': -3.3301591888}, 'HRV_SD1a': {'0': 244.7397821679}, 'HRV_SD1d': {'0': 253.726695033}, 'HRV_SD2a': {'0': 347.863507444}, 'HRV_SD2d': {'0': 312.0783680501}, 'HRV_SDNN': {'0': 412.6694842435}, 'HRV_SDSD': {'0': 498.54724697}, 'HRV_TINN': {'0': 2320}, 'HRV_IQRNN': {'0': 400}, 'HRV_MCVNN': {'0': 0.2021727273}, 'HRV_MadNN': {'0': 266.868}, 'HRV_RMSSD': {'0': 496.5331421872}, 'HRV_SDNNa': {'0': 300.754535117}, 'HRV_SDNNd': {'0': 284.4030094577}, 'HRV_pNN20': {'0': 91.2}, 'HRV_pNN50': {'0': 90.4}, 'HRV_MeanNN': {'0': 1267.84}, 'HRV_SD1SD2': {'0': 0.7543329716}, 'HRV_SampEn': {'0': 1.8572740763}, 'HRV_MedianNN': {'0': 1320}, 'HRV_CSI_Modified': {'0': 2478.135983783}}, 'mode': 'hrv', 'uuid': 'b4ebaf2e-bee8-4b3d-81d4-1ccb4c67c747', 'device': '6D18B021', 'hr_mean': 58.68, 'message': ''}",2021-05-26 11:53:07.651447+00:00,20
144,6D18B021,b4ebaf2e-bee8-4b3d-81d4-1ccb4c67c747,hrv,,90.0,822.2229824758,61.98,"{'HRV': {'HRV_S': {'0': 1411782.5054384144}, 'HRV_AI': {'0': 49.0287829129}, 'HRV_Ca': {'0': 0.5249942073}, 'HRV_Cd': {'0': 0.4750057927}, 'HRV_GI': {'0': 48.3454398709}, 'HRV_HF': {'0': 0.0299059615}, 'HRV_LF': {'0': 0.0569005685}, 'HRV_PI': {'0': 55.1282051282}, 'HRV_SI': {'0': 47.4905424109}, 'HRV_C1a': {'0': 0.4559466747}, 'HRV_C1d': {'0': 0.5440533253}, 'HRV_C2a': {'0': 0.5650438657}, 'HRV_C2d': {'0': 0.4349561343}, 'HRV_CSI': {'0': 1.3134487788}, 'HRV_CVI': {'0': 6.8567379059}, 'HRV_HFn': {'0': 0.343367933}, 'HRV_HTI': {'0': 3.8095238095}, 'HRV_LFn': {'0': 0.6533088934}, 'HRV_PAS': {'0': 0.0434782609}, 'HRV_PIP': {'0': 0.55}, 'HRV_PSS': {'0': 0.8181818182}, 'HRV_SD1': {'0': 584.9279729403}, 'HRV_SD2': {'0': 768.2729317311}, 'HRV_ULF': {'0': None}, 'HRV_VHF': {'0': 0.000289435}, 'HRV_VLF': {'0': None}, 'HRV_ApEn': {'0': 0.7253618767}, 'HRV_CVNN': {'0': 0.3476436121}, 'HRV_CVSD': {'0': 0.417425045}, 'HRV_IALS': {'0': 0.5641025641}, 'HRV_LFHF': {'0': 1.9026496962}, 'HRV_LnHF': {'0': -3.5096974378}, 'HRV_SD1a': {'0': 395.0916803698}, 'HRV_SD1d': {'0': 431.5802804364}, 'HRV_SD2a': {'0': 577.5061511493}, 'HRV_SD2d': {'0': 506.6852504419}, 'HRV_SDNN': {'0': 684.7710048724}, 'HRV_SDSD': {'0': 827.2130723436}, 'HRV_TINN': {'0': 2520}, 'HRV_IQRNN': {'0': 1240}, 'HRV_MCVNN': {'0': 0.336056}, 'HRV_MadNN': {'0': 756.126}, 'HRV_RMSSD': {'0': 822.2229824758}, 'HRV_SDNNa': {'0': 494.7781273019}, 'HRV_SDNNd': {'0': 470.6333400201}, 'HRV_pNN20': {'0': 95}, 'HRV_pNN50': {'0': 90}, 'HRV_MeanNN': {'0': 1969.75}, 'HRV_SD1SD2': {'0': 0.7613543947}, 'HRV_SampEn': {'0': 1.7346010554}, 'HRV_MedianNN': {'0': 2250}, 'HRV_CSI_Modified': {'0': 4036.3485757988}}, 'mode': 'hrv', 'uuid': 'b4ebaf2e-bee8-4b3d-81d4-1ccb4c67c747', 'device': '6D18B021', 'hr_mean': 61.98, 'message': ''}",2021-05-26 11:54:07.558051+00:00,21
145,6D18B021,b4ebaf2e-bee8-4b3d-81d4-1ccb4c67c747,hrv,,84.2696629213,703.3232801235,69.39,"{'HRV': {'HRV_S': {'0': 949806.1964048248}, 'HRV_AI': {'0': 48.7761728103}, 'HRV_Ca': {'0': 0.4798733353}, 'HRV_Cd': {'0': 0.5201266647}, 'HRV_GI': {'0': 48.3636363636}, 'HRV_HF': {'0': 0.0242366896}, 'HRV_LF': {'0': 0.0590495712}, 'HRV_PI': {'0': 48.8372093023}, 'HRV_SI': {'0': 47.7791683247}, 'HRV_C1a': {'0': 0.523643247}, 'HRV_C1d': {'0': 0.476356753}, 'HRV_C2a': {'0': 0.4499191795}, 'HRV_C2d': {'0': 0.5500808205}, 'HRV_CSI': {'0': 1.2091407832}, 'HRV_CVI': {'0': 6.6846051085}, 'HRV_HFn': {'0': 0.2902124403}, 'HRV_HTI': {'0': 4.0454545455}, 'HRV_LFn': {'0': 0.7070652164}, 'HRV_PAS': {'0': 0.25}, 'HRV_PIP': {'0': 0.6292134831}, 'HRV_PSS': {'0': 0.9090909091}, 'HRV_SD1': {'0': 500.0392879026}, 'HRV_SD2': {'0': 604.6178962105}, 'HRV_ULF': {'0': None}, 'HRV_VHF': {'0': 0.0002273527}, 'HRV_VLF': {'0': None}, 'HRV_ApEn': {'0': 0.6126511762}, 'HRV_CVNN': {'0': 0.3136991781}, 'HRV_CVSD': {'0': 0.3949260059}, 'HRV_IALS': {'0': 0.6395348837}, 'HRV_LFHF': {'0': 2.436371148}, 'HRV_LnHF': {'0': -3.7198876956}, 'HRV_SD1a': {'0': 361.9423971443}, 'HRV_SD1d': {'0': 345.2135770695}, 'HRV_SD2a': {'0': 405.5535910438}, 'HRV_SD2d': {'0': 448.4295766444}, 'HRV_SDNN': {'0': 558.666513896}, 'HRV_SDSD': {'0': 707.1623426713}, 'HRV_TINN': {'0': 2380}, 'HRV_IQRNN': {'0': 720}, 'HRV_MCVNN': {'0': 0.3584307692}, 'HRV_MadNN': {'0': 652.344}, 'HRV_RMSSD': {'0': 703.3232801235}, 'HRV_SDNNa': {'0': 384.3670212564}, 'HRV_SDNNd': {'0': 400.1634035007}, 'HRV_pNN20': {'0': 93.2584269663}, 'HRV_pNN50': {'0': 84.2696629213}, 'HRV_MeanNN': {'0': 1780.8988764045}, 'HRV_SD1SD2': {'0': 0.8270335546}, 'HRV_SampEn': {'0': 1.01554569}, 'HRV_MedianNN': {'0': 1820}, 'HRV_CSI_Modified': {'0': 2924.2726262673}}, 'mode': 'hrv', 'uuid': 'b4ebaf2e-bee8-4b3d-81d4-1ccb4c67c747', 'device': '6D18B021', 'hr_mean': 69.39, 'message': 'HRV RMSSD has been changed significantly. You probably under stress.'}",2021-05-26 11:55:07.866954+00:00,22
146,6D18B021,b4ebaf2e-bee8-4b3d-81d4-1ccb4c67c747,hrv,,95.2380952381,789.7273141846,63.94,"{'HRV': {'HRV_S': {'0': 1155780.4797579972}, 'HRV_AI': {'0': 51.5446766517}, 'HRV_Ca': {'0': 0.4917374387}, 'HRV_Cd': {'0': 0.5082625613}, 'HRV_GI': {'0': 50.9204275534}, 'HRV_HF': {'0': 0.0476104151}, 'HRV_LF': {'0': 0.0512353913}, 'HRV_PI': {'0': 51.9230769231}, 'HRV_SI': {'0': 50.4739872743}, 'HRV_C1a': {'0': 0.4468406576}, 'HRV_C1d': {'0': 0.5531593424}, 'HRV_C2a': {'0': 0.5246154931}, 'HRV_C2d': {'0': 0.4753845069}, 'HRV_CSI': {'0': 1.1687027075}, 'HRV_CVI': {'0': 6.7698454653}, 'HRV_HFn': {'0': 0.4716047707}, 'HRV_HTI': {'0': 4.0384615385}, 'HRV_LFn': {'0': 0.5075119579}, 'HRV_PAS': {'0': 0.3181818182}, 'HRV_PIP': {'0': 0.7333333333}, 'HRV_PSS': {'0': 0.9487179487}, 'HRV_SD1': {'0': 561.061820074}, 'HRV_SD2': {'0': 655.7144681787}, 'HRV_ULF': {'0': None}, 'HRV_VHF': {'0': 0.002108251}, 'HRV_VLF': {'0': None}, 'HRV_ApEn': {'0': 0.7326142041}, 'HRV_CVNN': {'0': 0.4060602954}, 'HRV_CVSD': {'0': 0.5249516839}, 'HRV_IALS': {'0': 0.75}, 'HRV_LFHF': {'0': 1.0761383036}, 'HRV_LnHF': {'0': -3.0447037374}, 'HRV_SD1a': {'0': 375.0909274876}, 'HRV_SD1d': {'0': 417.3355149503}, 'HRV_SD2a': {'0': 474.9362539732}, 'HRV_SD2d': {'0': 452.102884796}, 'HRV_SDNN': {'0': 610.8693738774}, 'HRV_SDSD': {'0': 793.4612352784}, 'HRV_TINN': {'0': 2400}, 'HRV_IQRNN': {'0': 800}, 'HRV_MCVNN': {'0': 0.36006}, 'HRV_MadNN': {'0': 504.084}, 'HRV_RMSSD': {'0': 789.7273141846}, 'HRV_SDNNa': {'0': 427.9355379152}, 'HRV_SDNNd': {'0': 435.0666331033}, 'HRV_pNN20': {'0': 95.2380952381}, 'HRV_pNN50': {'0': 95.2380952381}, 'HRV_MeanNN': {'0': 1504.380952381}, 'HRV_SD1SD2': {'0': 0.8556495964}, 'HRV_SampEn': {'0': 1.2651088043}, 'HRV_MedianNN': {'0': 1400}, 'HRV_CSI_Modified': {'0': 3065.3410971521}}, 'mode': 'hrv', 'uuid': 'b4ebaf2e-bee8-4b3d-81d4-1ccb4c67c747', 'device': '6D18B021', 'hr_mean': 63.94, 'message': 'HRV RMSSD has been changed significantly. You probably under stress.'}",2021-05-26 11:56:07.691581+00:00,23
147,6D18B021,b4ebaf2e-bee8-4b3d-81d4-1ccb4c67c747,hrv,,89.3203883495,722.4848190277,66.66,"{'HRV': {'HRV_S': {'0': 1072096.5837366583}, 'HRV_AI': {'0': 49.9854036496}, 'HRV_Ca': {'0': 0.4771046087}, 'HRV_Cd': {'0': 0.5228953913}, 'HRV_GI': {'0': 49.5720399429}, 'HRV_HF': {'0': 0.0404474868}, 'HRV_LF': {'0': 0.0477069582}, 'HRV_PI': {'0': 48.9795918367}, 'HRV_SI': {'0': 49.2363744655}, 'HRV_C1a': {'0': 0.4888134269}, 'HRV_C1d': {'0': 0.5111865731}, 'HRV_C2a': {'0': 0.4701200484}, 'HRV_C2d': {'0': 0.5298799516}, 'HRV_CSI': {'0': 1.2947806799}, 'HRV_CVI': {'0': 6.7372040221}, 'HRV_HFn': {'0': 0.4519529208}, 'HRV_HTI': {'0': 4.9047619048}, 'HRV_LFn': {'0': 0.5330689444}, 'HRV_PAS': {'0': 0.1851851852}, 'HRV_PIP': {'0': 0.640776699}, 'HRV_PSS': {'0': 0.8571428571}, 'HRV_SD1': {'0': 513.385873714}, 'HRV_SD2': {'0': 664.7221106387}, 'HRV_ULF': {'0': None}, 'HRV_VHF': {'0': 0.0013404669}, 'HRV_VLF': {'0': None}, 'HRV_ApEn': {'0': 0.6360126293}, 'HRV_CVNN': {'0': 0.3865402001}, 'HRV_CVSD': {'0': 0.4657399947}, 'HRV_IALS': {'0': 0.6428571429}, 'HRV_LFHF': {'0': 1.1794789235}, 'HRV_LnHF': {'0': -3.2077507682}, 'HRV_SD1a': {'0': 358.9423407184}, 'HRV_SD1d': {'0': 367.0648902624}, 'HRV_SD2a': {'0': 455.7687151575}, 'HRV_SD2d': {'0': 483.8701919478}, 'HRV_SDNN': {'0': 599.6251764058}, 'HRV_SDSD': {'0': 726.0372653371}, 'HRV_TINN': {'0': 2480}, 'HRV_IQRNN': {'0': 950}, 'HRV_MCVNN': {'0': 0.4942}, 'HRV_MadNN': {'0': 711.648}, 'HRV_RMSSD': {'0': 722.4848190277}, 'HRV_SDNNa': {'0': 410.2223334222}, 'HRV_SDNNd': {'0': 429.4572134212}, 'HRV_pNN20': {'0': 92.2330097087}, 'HRV_pNN50': {'0': 89.3203883495}, 'HRV_MeanNN': {'0': 1551.2621359223}, 'HRV_SD1SD2': {'0': 0.7723315736}, 'HRV_SampEn': {'0': 2.4567357728}, 'HRV_MedianNN': {'0': 1440}, 'HRV_CSI_Modified': {'0': 3442.6773855343}}, 'mode': 'hrv', 'uuid': 'b4ebaf2e-bee8-4b3d-81d4-1ccb4c67c747', 'device': '6D18B021', 'hr_mean': 66.66, 'message': 'HRV RMSSD has been changed significantly. You probably under stress.'}",2021-05-26 11:57:07.270159+00:00,24
148,6D18B021,b4ebaf2e-bee8-4b3d-81d4-1ccb4c67c747,hrv,,87.6288659794,769.4722217208,62.5,"{'HRV': {'HRV_S': {'0': 1222287.6383704825}, 'HRV_AI': {'0': 49.8603083815}, 'HRV_Ca': {'0': 0.4520952981}, 'HRV_Cd': {'0': 0.5479047019}, 'HRV_GI': {'0': 49.3472584856}, 'HRV_HF': {'0': 0.0377375862}, 'HRV_LF': {'0': 0.0512330708}, 'HRV_PI': {'0': 48.3870967742}, 'HRV_SI': {'0': 49.032475237}, 'HRV_C1a': {'0': 0.4651761775}, 'HRV_C1d': {'0': 0.5348238225}, 'HRV_C2a': {'0': 0.4443621221}, 'HRV_C2d': {'0': 0.5556378779}, 'HRV_CSI': {'0': 1.3006457402}, 'HRV_CVI': {'0': 6.7941435295}, 'HRV_HFn': {'0': 0.4219107407}, 'HRV_HTI': {'0': 3.03125}, 'HRV_LFn': {'0': 0.5727918764}, 'HRV_PAS': {'0': 0.2}, 'HRV_PIP': {'0': 0.6494845361}, 'HRV_PSS': {'0': 0.9016393443}, 'HRV_SD1': {'0': 546.9306500507}, 'HRV_SD2': {'0': 711.3630201882}, 'HRV_ULF': {'0': None}, 'HRV_VHF': {'0': 0.0004738216}, 'HRV_VLF': {'0': None}, 'HRV_ApEn': {'0': 0.7743094593}, 'HRV_CVNN': {'0': 0.3854861671}, 'HRV_CVSD': {'0': 0.46860124}, 'HRV_IALS': {'0': 0.6559139785}, 'HRV_LFHF': {'0': 1.357613877}, 'HRV_LnHF': {'0': -3.2770986988}, 'HRV_SD1a': {'0': 373.0443743888}, 'HRV_SD1d': {'0': 399.9973684124}, 'HRV_SD2a': {'0': 474.1980906256}, 'HRV_SD2d': {'0': 530.257972442}, 'HRV_SDNN': {'0': 632.9921309153}, 'HRV_SDSD': {'0': 773.4767429793}, 'HRV_TINN': {'0': 2520}, 'HRV_IQRNN': {'0': 1040}, 'HRV_MCVNN': {'0': 0.3205621622}, 'HRV_MadNN': {'0': 474.432}, 'HRV_RMSSD': {'0': 769.4722217208}, 'HRV_SDNNa': {'0': 426.6297776856}, 'HRV_SDNNd': {'0': 469.6655257069}, 'HRV_pNN20': {'0': 93.8144329897}, 'HRV_pNN50': {'0': 87.6288659794}, 'HRV_MeanNN': {'0': 1642.0618556701}, 'HRV_SD1SD2': {'0': 0.7688488641}, 'HRV_SampEn': {'0': 1.4863778197}, 'HRV_MedianNN': {'0': 1480}, 'HRV_CSI_Modified': {'0': 3700.9251278515}}, 'mode': 'hrv', 'uuid': 'b4ebaf2e-bee8-4b3d-81d4-1ccb4c67c747', 'device': '6D18B021', 'hr_mean': 62.5, 'message': 'HRV RMSSD has been changed significantly. You probably under stress.'}",2021-05-26 11:58:07.456720+00:00,25
149,6D18B021,b4ebaf2e-bee8-4b3d-81d4-1ccb4c67c747,hrv,,77.2277227723,587.9455757126,78.1,"{'HRV': {'HRV_S': {'0': 779623.1353143427}, 'HRV_AI': {'0': 50.6127558924}, 'HRV_Ca': {'0': 0.5037542591}, 'HRV_Cd': {'0': 0.4962457409}, 'HRV_GI': {'0': 49.9521072797}, 'HRV_HF': {'0': 0.0645908155}, 'HRV_LF': {'0': 0.0345982836}, 'HRV_PI': {'0': 54.0816326531}, 'HRV_SI': {'0': 49.3962722776}, 'HRV_C1a': {'0': 0.4453251562}, 'HRV_C1d': {'0': 0.5546748438}, 'HRV_C2a': {'0': 0.5326728716}, 'HRV_C2d': {'0': 0.4673271284}, 'HRV_CSI': {'0': 1.4214316574}, 'HRV_CVI': {'0': 6.5988548283}, 'HRV_HFn': {'0': 0.6343579622}, 'HRV_HTI': {'0': 4.2083333333}, 'HRV_LFn': {'0': 0.3397959371}, 'HRV_PAS': {'0': 0.1923076923}, 'HRV_PIP': {'0': 0.603960396}, 'HRV_PSS': {'0': 0.85}, 'HRV_SD1': {'0': 417.8346297015}, 'HRV_SD2': {'0': 593.9233702229}, 'HRV_ULF': {'0': None}, 'HRV_VHF': {'0': 0.0026316698}, 'HRV_VLF': {'0': None}, 'HRV_ApEn': {'0': 0.6539877492}, 'HRV_CVNN': {'0': 0.3259947715}, 'HRV_CVSD': {'0': 0.3739452339}, 'HRV_IALS': {'0': 0.612244898}, 'HRV_LFHF': {'0': 0.535653302}, 'HRV_LnHF': {'0': -2.739683053}, 'HRV_SD1a': {'0': 278.8323416454}, 'HRV_SD1d': {'0': 311.1886627729}, 'HRV_SD2a': {'0': 433.4716553128}, 'HRV_SD2d': {'0': 406.0139083053}, 'HRV_SDNN': {'0': 512.5541555545}, 'HRV_SDSD': {'0': 590.907400153}, 'HRV_TINN': {'0': 2040}, 'HRV_IQRNN': {'0': 800}, 'HRV_MCVNN': {'0': 0.2556206897}, 'HRV_MadNN': {'0': 444.78}, 'HRV_RMSSD': {'0': 587.9455757126}, 'HRV_SDNNa': {'0': 364.4483164367}, 'HRV_SDNNd': {'0': 361.7220463116}, 'HRV_pNN20': {'0': 90.099009901}, 'HRV_pNN50': {'0': 77.2277227723}, 'HRV_MeanNN': {'0': 1572.2772277228}, 'HRV_SD1SD2': {'0': 0.7035160606}, 'HRV_SampEn': {'0': 1.1166307942}, 'HRV_MedianNN': {'0': 1740}, 'HRV_CSI_Modified': {'0': 3376.8859220595}}, 'mode': 'hrv', 'uuid': 'b4ebaf2e-bee8-4b3d-81d4-1ccb4c67c747', 'device': '6D18B021', 'hr_mean': 78.1, 'message': 'HRV RMSSD has been changed significantly. You probably under stress.'}",2021-05-26 11:59:08.401439+00:00,26
150,6D18B021,b4ebaf2e-bee8-4b3d-81d4-1ccb4c67c747,hrv,,84.7058823529,860.9241988645,76.32,"{'HRV': {'HRV_S': {'0': 1716776.3055194975}, 'HRV_AI': {'0': 48.9797539238}, 'HRV_Ca': {'0': 0.5313820736}, 'HRV_Cd': {'0': 0.4686179264}, 'HRV_GI': {'0': 48.683127572}, 'HRV_HF': {'0': 0.0118065307}, 'HRV_LF': {'0': 0.0411504335}, 'HRV_PI': {'0': 53.6585365854}, 'HRV_SI': {'0': 47.8354689375}, 'HRV_C1a': {'0': 0.5065917122}, 'HRV_C1d': {'0': 0.4934082878}, 'HRV_C2a': {'0': 0.5430561132}, 'HRV_C2d': {'0': 0.4569438868}, 'HRV_CSI': {'0': 1.457467524}, 'HRV_CVI': {'0': 6.9416838206}, 'HRV_HFn': {'0': 0.2201339423}, 'HRV_HTI': {'0': 2.5757575758}, 'HRV_LFn': {'0': 0.7672539374}, 'HRV_PAS': {'0': 0.1666666667}, 'HRV_PIP': {'0': 0.5411764706}, 'HRV_PSS': {'0': 0.8260869565}, 'HRV_SD1': {'0': 612.325683275}, 'HRV_SD2': {'0': 892.4447974976}, 'HRV_ULF': {'0': None}, 'HRV_VHF': {'0': 0.0006764308}, 'HRV_VLF': {'0': None}, 'HRV_ApEn': {'0': 0.6989735593}, 'HRV_CVNN': {'0': 0.4141250051}, 'HRV_CVSD': {'0': 0.4662242412}, 'HRV_IALS': {'0': 0.5609756098}, 'HRV_LFHF': {'0': 3.4853958889}, 'HRV_LnHF': {'0': -4.4391024542}, 'HRV_SD1a': {'0': 435.8926583903}, 'HRV_SD1d': {'0': 430.1834856492}, 'HRV_SD2a': {'0': 657.6634639892}, 'HRV_SD2d': {'0': 603.2714850831}, 'HRV_SDNN': {'0': 764.7183623201}, 'HRV_SDSD': {'0': 865.9592858768}, 'HRV_TINN': {'0': 4320}, 'HRV_IQRNN': {'0': 960}, 'HRV_MCVNN': {'0': 0.2015184466}, 'HRV_MadNN': {'0': 415.128}, 'HRV_RMSSD': {'0': 860.9241988645}, 'HRV_SDNNa': {'0': 557.9084340216}, 'HRV_SDNNd': {'0': 523.9247637017}, 'HRV_pNN20': {'0': 90.5882352941}, 'HRV_pNN50': {'0': 84.7058823529}, 'HRV_MeanNN': {'0': 1846.5882352941}, 'HRV_SD1SD2': {'0': 0.6861216346}, 'HRV_SampEn': {'0': 0.9404854605}, 'HRV_MedianNN': {'0': 2060}, 'HRV_CSI_Modified': {'0': 5202.8372373396}}, 'mode': 'hrv', 'uuid': 'b4ebaf2e-bee8-4b3d-81d4-1ccb4c67c747', 'device': '6D18B021', 'hr_mean': 76.32, 'message': 'HRV RMSSD has been changed significantly. You probably under stress.'}",2021-05-26 12:00:07.355657+00:00,27
151,6D18B021,b4ebaf2e-bee8-4b3d-81d4-1ccb4c67c747,hrv,,81.5217391304,573.9893172035,81.13,"{'HRV': {'HRV_S': {'0': 1009075.4942898996}, 'HRV_AI': {'0': 50.8784441067}, 'HRV_Ca': {'0': 0.5217470173}, 'HRV_Cd': {'0': 0.4782529827}, 'HRV_GI': {'0': 50.8318990247}, 'HRV_HF': {'0': 0.0194956002}, 'HRV_LF': {'0': 0.0279657547}, 'HRV_PI': {'0': 48.275862069}, 'HRV_SI': {'0': 49.932255336}, 'HRV_C1a': {'0': 0.5174309234}, 'HRV_C1d': {'0': 0.4825690766}, 'HRV_C2a': {'0': 0.5229075109}, 'HRV_C2d': {'0': 0.4770924891}, 'HRV_CSI': {'0': 1.9286385014}, 'HRV_CVI': {'0': 6.7108937693}, 'HRV_HFn': {'0': 0.4043054074}, 'HRV_HTI': {'0': 4.380952381}, 'HRV_LFn': {'0': 0.579961927}, 'HRV_PAS': {'0': 0.1304347826}, 'HRV_PIP': {'0': 0.5434782609}, 'HRV_PSS': {'0': 0.8125}, 'HRV_SD1': {'0': 408.0951910789}, 'HRV_SD2': {'0': 787.0680977375}, 'HRV_ULF': {'0': None}, 'HRV_VHF': {'0': 0.0007586289}, 'HRV_VLF': {'0': None}, 'HRV_ApEn': {'0': 0.6030942357}, 'HRV_CVNN': {'0': 0.3635517877}, 'HRV_CVSD': {'0': 0.3340524872}, 'HRV_IALS': {'0': 0.5517241379}, 'HRV_LFHF': {'0': 1.4344649278}, 'HRV_LnHF': {'0': -3.9375664715}, 'HRV_SD1a': {'0': 293.5718727066}, 'HRV_SD1d': {'0': 283.5097489995}, 'HRV_SD2a': {'0': 569.1473911338}, 'HRV_SD2d': {'0': 543.6427481736}, 'HRV_SDNN': {'0': 624.676810849}, 'HRV_SDSD': {'0': 577.133753963}, 'HRV_TINN': {'0': 2500}, 'HRV_IQRNN': {'0': 890}, 'HRV_MCVNN': {'0': 0.3502846154}, 'HRV_MadNN': {'0': 637.518}, 'HRV_RMSSD': {'0': 573.9893172035}, 'HRV_SDNNa': {'0': 452.8317553346}, 'HRV_SDNNd': {'0': 433.5465461859}, 'HRV_pNN20': {'0': 90.2173913043}, 'HRV_pNN50': {'0': 81.5217391304}, 'HRV_MeanNN': {'0': 1718.2608695652}, 'HRV_SD1SD2': {'0': 0.5185004859}, 'HRV_SampEn': {'0': 1.2012664427}, 'HRV_MedianNN': {'0': 1820}, 'HRV_CSI_Modified': {'0': 6071.8793459783}}, 'mode': 'hrv', 'uuid': 'b4ebaf2e-bee8-4b3d-81d4-1ccb4c67c747', 'device': '6D18B021', 'hr_mean': 81.13, 'message': 'HRV RMSSD has been changed significantly. You probably under stress.'}",2021-05-26 12:01:07.290643+00:00,28
152,6D18B021,b4ebaf2e-bee8-4b3d-81d4-1ccb4c67c747,hrv,,91.8604651163,887.5451935469,69.2,"{'HRV': {'HRV_S': {'0': 1593166.763722879}, 'HRV_AI': {'0': 50.8624183981}, 'HRV_Ca': {'0': 0.5106029077}, 'HRV_Cd': {'0': 0.4893970923}, 'HRV_GI': {'0': 49.9617737003}, 'HRV_HF': {'0': 0.0495028776}, 'HRV_LF': {'0': 0.0276776484}, 'HRV_PI': {'0': 54.1176470588}, 'HRV_SI': {'0': 49.7472834524}, 'HRV_C1a': {'0': 0.4504163829}, 'HRV_C1d': {'0': 0.5495836171}, 'HRV_C2a': {'0': 0.5477784753}, 'HRV_C2d': {'0': 0.4522215247}, 'HRV_CSI': {'0': 1.2723918838}, 'HRV_CVI': {'0': 6.9092313476}, 'HRV_HFn': {'0': 0.6284292924}, 'HRV_HTI': {'0': 2.8666666667}, 'HRV_LFn': {'0': 0.3513623011}, 'HRV_PAS': {'0': 0.2777777778}, 'HRV_PIP': {'0': 0.6395348837}, 'HRV_PSS': {'0': 0.875}, 'HRV_SD1': {'0': 631.3137340596}, 'HRV_SD2': {'0': 803.2784713417}, 'HRV_ULF': {'0': None}, 'HRV_VHF': {'0': 0.0015918645}, 'HRV_VLF': {'0': None}, 'HRV_ApEn': {'0': 0.5187905369}, 'HRV_CVNN': {'0': 0.388478227}, 'HRV_CVSD': {'0': 0.4796938577}, 'HRV_IALS': {'0': 0.6588235294}, 'HRV_LFHF': {'0': 0.5591119086}, 'HRV_LnHF': {'0': -3.0057244782}, 'HRV_SD1a': {'0': 423.6940720221}, 'HRV_SD1d': {'0': 468.0176024366}, 'HRV_SD2a': {'0': 594.5229294095}, 'HRV_SD2d': {'0': 540.1840324624}, 'HRV_SDNN': {'0': 718.775063799}, 'HRV_SDSD': {'0': 892.8124448195}, 'HRV_TINN': {'0': 4340}, 'HRV_IQRNN': {'0': 975}, 'HRV_MCVNN': {'0': 0.3492663462}, 'HRV_MadNN': {'0': 726.474}, 'HRV_RMSSD': {'0': 887.5451935469}, 'HRV_SDNNa': {'0': 516.2238759784}, 'HRV_SDNNd': {'0': 505.390574268}, 'HRV_pNN20': {'0': 95.3488372093}, 'HRV_pNN50': {'0': 91.8604651163}, 'HRV_MeanNN': {'0': 1850.2325581395}, 'HRV_SD1SD2': {'0': 0.7859213916}, 'HRV_SampEn': {'0': 1.0531499146}, 'HRV_MedianNN': {'0': 2080}, 'HRV_CSI_Modified': {'0': 4088.3400294286}}, 'mode': 'hrv', 'uuid': 'b4ebaf2e-bee8-4b3d-81d4-1ccb4c67c747', 'device': '6D18B021', 'hr_mean': 69.2, 'message': 'HRV RMSSD has been changed significantly. You probably under stress.'}",2021-05-26 12:02:08.227827+00:00,29
153,6D18B021,b4ebaf2e-bee8-4b3d-81d4-1ccb4c67c747,hrv,,94.8453608247,749.4525779972,59.46,"{'HRV': {'HRV_S': {'0': 1242678.0640563006}, 'HRV_AI': {'0': 49.4760657098}, 'HRV_Ca': {'0': 0.5355564775}, 'HRV_Cd': {'0': 0.4644435225}, 'HRV_GI': {'0': 49.2839678659}, 'HRV_HF': {'0': 0.0232247203}, 'HRV_LF': {'0': 0.0318278474}, 'HRV_PI': {'0': 53.6842105263}, 'HRV_SI': {'0': 48.9785396686}, 'HRV_C1a': {'0': 0.4902413151}, 'HRV_C1d': {'0': 0.5097586849}, 'HRV_C2a': {'0': 0.5588793212}, 'HRV_C2d': {'0': 0.4411206788}, 'HRV_CSI': {'0': 1.3939886209}, 'HRV_CVI': {'0': 6.8013287421}, 'HRV_HFn': {'0': 0.4157374493}, 'HRV_HTI': {'0': 4.2173913043}, 'HRV_LFn': {'0': 0.5697389628}, 'HRV_PAS': {'0': 0.1785714286}, 'HRV_PIP': {'0': 0.5979381443}, 'HRV_PSS': {'0': 0.8793103448}, 'HRV_SD1': {'0': 532.6902715825}, 'HRV_SD2': {'0': 742.5641770363}, 'HRV_ULF': {'0': None}, 'HRV_VHF': {'0': 0.0008113444}, 'HRV_VLF': {'0': None}, 'HRV_ApEn': {'0': 0.6140752554}, 'HRV_CVNN': {'0': 0.3914500077}, 'HRV_CVSD': {'0': 0.4552091426}, 'HRV_IALS': {'0': 0.6105263158}, 'HRV_LFHF': {'0': 1.3704297357}, 'HRV_LnHF': {'0': -3.7625380359}, 'HRV_SD1a': {'0': 372.9992239303}, 'HRV_SD1d': {'0': 380.3516378577}, 'HRV_SD2a': {'0': 555.1278482322}, 'HRV_SD2d': {'0': 493.1882289093}, 'HRV_SDNN': {'0': 644.480064288}, 'HRV_SDSD': {'0': 753.3378066161}, 'HRV_TINN': {'0': 2560}, 'HRV_IQRNN': {'0': 1020}, 'HRV_MCVNN': {'0': 0.3991615385}, 'HRV_MadNN': {'0': 622.692}, 'HRV_RMSSD': {'0': 749.4525779972}, 'HRV_SDNNa': {'0': 472.9140243932}, 'HRV_SDNNd': {'0': 440.3986816259}, 'HRV_pNN20': {'0': 96.9072164948}, 'HRV_pNN50': {'0': 94.8453608247}, 'HRV_MeanNN': {'0': 1646.3917525773}, 'HRV_SD1SD2': {'0': 0.7173659706}, 'HRV_SampEn': {'0': 2.1400661635}, 'HRV_MedianNN': {'0': 1560}, 'HRV_CSI_Modified': {'0': 4140.5040522291}}, 'mode': 'hrv', 'uuid': 'b4ebaf2e-bee8-4b3d-81d4-1ccb4c67c747', 'device': '6D18B021', 'hr_mean': 59.46, 'message': 'HRV RMSSD has been changed significantly. You probably under stress.'}",2021-05-26 12:03:08.722123+00:00,30
154,6D18B021,b4ebaf2e-bee8-4b3d-81d4-1ccb4c67c747,hrv,,88.1188118812,668.8826503954,66.98,"{'HRV': {'HRV_S': {'0': 1204540.5593181446}, 'HRV_AI': {'0': 48.8362268934}, 'HRV_Ca': {'0': 0.4895050424}, 'HRV_Cd': {'0': 0.5104949576}, 'HRV_GI': {'0': 49.3317132442}, 'HRV_HF': {'0': 0.0223783307}, 'HRV_LF': {'0': 0.0255521872}, 'HRV_PI': {'0': 45.2631578947}, 'HRV_SI': {'0': 49.8640542943}, 'HRV_C1a': {'0': 0.5610946706}, 'HRV_C1d': {'0': 0.4389053294}, 'HRV_C2a': {'0': 0.4646431574}, 'HRV_C2d': {'0': 0.5353568426}, 'HRV_CSI': {'0': 1.6969895535}, 'HRV_CVI': {'0': 6.7877915381}, 'HRV_HFn': {'0': 0.4563846439}, 'HRV_HTI': {'0': 5.9411764706}, 'HRV_LFn': {'0': 0.5211124088}, 'HRV_PAS': {'0': 0.2}, 'HRV_PIP': {'0': 0.6534653465}, 'HRV_PSS': {'0': 0.9047619048}, 'HRV_SD1': {'0': 475.3310595381}, 'HRV_SD2': {'0': 806.631842474}, 'HRV_ULF': {'0': None}, 'HRV_VHF': {'0': 0.0011034078}, 'HRV_VLF': {'0': None}, 'HRV_ApEn': {'0': 0.6419018488}, 'HRV_CVNN': {'0': 0.420250066}, 'HRV_CVSD': {'0': 0.4246206643}, 'HRV_IALS': {'0': 0.6631578947}, 'HRV_LFHF': {'0': 1.1418272192}, 'HRV_LnHF': {'0': -3.7996621661}, 'HRV_SD1a': {'0': 356.0700192179}, 'HRV_SD1d': {'0': 314.921827722}, 'HRV_SD2a': {'0': 549.8384860185}, 'HRV_SD2d': {'0': 590.1970591132}, 'HRV_SDNN': {'0': 661.9978762193}, 'HRV_SDSD': {'0': 672.219631016}, 'HRV_TINN': {'0': 2340}, 'HRV_IQRNN': {'0': 1080}, 'HRV_MCVNN': {'0': 0.5609837838}, 'HRV_MadNN': {'0': 830.256}, 'HRV_RMSSD': {'0': 668.8826503954}, 'HRV_SDNNa': {'0': 463.1998592902}, 'HRV_SDNNd': {'0': 473.0265987033}, 'HRV_pNN20': {'0': 92.0792079208}, 'HRV_pNN50': {'0': 88.1188118812}, 'HRV_MeanNN': {'0': 1575.2475247525}, 'HRV_SD1SD2': {'0': 0.589278819}, 'HRV_SampEn': {'0': 1.3862943611}, 'HRV_MedianNN': {'0': 1480}, 'HRV_CSI_Modified': {'0': 5475.3832406845}}, 'mode': 'hrv', 'uuid': 'b4ebaf2e-bee8-4b3d-81d4-1ccb4c67c747', 'device': '6D18B021', 'hr_mean': 66.98, 'message': 'HRV RMSSD has been changed significantly. You probably under stress.'}",2021-05-26 12:04:07.643725+00:00,31
155,6D18B021,b4ebaf2e-bee8-4b3d-81d4-1ccb4c67c747,hrv,,96.0784313725,1032.8907814172,76.49,"{'HRV': {'HRV_S': {'0': 2112519.5926817753}, 'HRV_AI': {'0': 50.6265434247}, 'HRV_Ca': {'0': 0.521203407}, 'HRV_Cd': {'0': 0.478796593}, 'HRV_GI': {'0': 49.2961634005}, 'HRV_HF': {'0': 0.0107386488}, 'HRV_LF': {'0': 0.0348007077}, 'HRV_PI': {'0': 58}, 'HRV_SI': {'0': 48.0024730317}, 'HRV_C1a': {'0': 0.4487773913}, 'HRV_C1d': {'0': 0.5512226087}, 'HRV_C2a': {'0': 0.5676925661}, 'HRV_C2d': {'0': 0.4323074339}, 'HRV_CSI': {'0': 1.248223089}, 'HRV_CVI': {'0': 7.0317708555}, 'HRV_HFn': {'0': 0.2342569946}, 'HRV_HTI': {'0': 4.25}, 'HRV_LFn': {'0': 0.7591559525}, 'HRV_PAS': {'0': 0.4761904762}, 'HRV_PIP': {'0': 0.6764705882}, 'HRV_PSS': {'0': 0.8695652174}, 'HRV_SD1': {'0': 733.9717263284}, 'HRV_SD2': {'0': 916.1604554869}, 'HRV_ULF': {'0': None}, 'HRV_VHF': {'0': 0.0003019592}, 'HRV_VLF': {'0': None}, 'HRV_ApEn': {'0': 0.7899246477}, 'HRV_CVNN': {'0': 0.5330554388}, 'HRV_CVSD': {'0': 0.6641965686}, 'HRV_IALS': {'0': 0.69}, 'HRV_LFHF': {'0': 3.2406970551}, 'HRV_LnHF': {'0': -4.5339060033}, 'HRV_SD1a': {'0': 491.7173985126}, 'HRV_SD1d': {'0': 544.9587140325}, 'HRV_SD2a': {'0': 690.2845385366}, 'HRV_SD2d': {'0': 602.3763242818}, 'HRV_SDNN': {'0': 828.9534677407}, 'HRV_SDSD': {'0': 1037.992769772}, 'HRV_TINN': {'0': 5640}, 'HRV_IQRNN': {'0': 915}, 'HRV_MCVNN': {'0': 0.4608081081}, 'HRV_MadNN': {'0': 681.996}, 'HRV_RMSSD': {'0': 1032.8907814172}, 'HRV_SDNNa': {'0': 599.2823809118}, 'HRV_SDNNd': {'0': 574.3854263712}, 'HRV_pNN20': {'0': 96.0784313725}, 'HRV_pNN50': {'0': 96.0784313725}, 'HRV_MeanNN': {'0': 1555.0980392157}, 'HRV_SD1SD2': {'0': 0.8011388419}, 'HRV_SampEn': {'0': 1.7346010554}, 'HRV_MedianNN': {'0': 1480}, 'HRV_CSI_Modified': {'0': 4574.2905351232}}, 'mode': 'hrv', 'uuid': 'b4ebaf2e-bee8-4b3d-81d4-1ccb4c67c747', 'device': '6D18B021', 'hr_mean': 76.49, 'message': 'HRV RMSSD has been changed significantly. You probably under stress.'}",2021-05-26 12:05:07.327191+00:00,32
156,6D18B021,b4ebaf2e-bee8-4b3d-81d4-1ccb4c67c747,hrv,,92.6605504587,864.6750620684,62.93,"{'HRV': {'HRV_S': {'0': 1310914.3340263616}, 'HRV_AI': {'0': 49.7389354915}, 'HRV_Ca': {'0': 0.5096072506}, 'HRV_Cd': {'0': 0.4903927494}, 'HRV_GI': {'0': 50.3608660786}, 'HRV_HF': {'0': 0.074038}, 'HRV_LF': {'0': 0.0435843168}, 'HRV_PI': {'0': 51.8518518519}, 'HRV_SI': {'0': 50.8561376427}, 'HRV_C1a': {'0': 0.5162506378}, 'HRV_C1d': {'0': 0.4837493622}, 'HRV_C2a': {'0': 0.5041752744}, 'HRV_C2d': {'0': 0.4958247256}, 'HRV_CSI': {'0': 1.1059184715}, 'HRV_CVI': {'0': 6.8245444222}, 'HRV_HFn': {'0': 0.6081112056}, 'HRV_HTI': {'0': 4.7391304348}, 'HRV_LFn': {'0': 0.3579798404}, 'HRV_PAS': {'0': 0.0857142857}, 'HRV_PIP': {'0': 0.5963302752}, 'HRV_PSS': {'0': 0.9242424242}, 'HRV_SD1': {'0': 614.257777177}, 'HRV_SD2': {'0': 679.3190220209}, 'HRV_ULF': {'0': None}, 'HRV_VHF': {'0': 0.0041284408}, 'HRV_VLF': {'0': None}, 'HRV_ApEn': {'0': 0.7108412775}, 'HRV_CVNN': {'0': 0.4463715997}, 'HRV_CVSD': {'0': 0.5932870563}, 'HRV_IALS': {'0': 0.6111111111}, 'HRV_LFHF': {'0': 0.5886749612}, 'HRV_LnHF': {'0': -2.6031768035}, 'HRV_SD1a': {'0': 441.355177293}, 'HRV_SD1d': {'0': 427.2362825434}, 'HRV_SD2a': {'0': 482.3525150992}, 'HRV_SD2d': {'0': 478.341284918}, 'HRV_SDNN': {'0': 650.5558928784}, 'HRV_SDSD': {'0': 868.6916792769}, 'HRV_TINN': {'0': 2820}, 'HRV_IQRNN': {'0': 620}, 'HRV_MCVNN': {'0': 0.3341070423}, 'HRV_MadNN': {'0': 474.432}, 'HRV_RMSSD': {'0': 864.6750620684}, 'HRV_SDNNa': {'0': 462.3085232536}, 'HRV_SDNNd': {'0': 453.5092204016}, 'HRV_pNN20': {'0': 94.495412844}, 'HRV_pNN50': {'0': 92.6605504587}, 'HRV_MeanNN': {'0': 1457.4311926606}, 'HRV_SD1SD2': {'0': 0.9042257868}, 'HRV_SampEn': {'0': 2.0104486702}, 'HRV_MedianNN': {'0': 1420}, 'HRV_CSI_Modified': {'0': 3005.0858178813}}, 'mode': 'hrv', 'uuid': 'b4ebaf2e-bee8-4b3d-81d4-1ccb4c67c747', 'device': '6D18B021', 'hr_mean': 62.93, 'message': 'HRV RMSSD has been changed significantly. You probably under stress.'}",2021-05-26 12:06:08.487458+00:00,33
157,6D18B021,b4ebaf2e-bee8-4b3d-81d4-1ccb4c67c747,hrv,,91.6666666667,634.2546740834,60.37,"{'HRV': {'HRV_S': {'0': 699774.4801634178}, 'HRV_AI': {'0': 49.9387328575}, 'HRV_Ca': {'0': 0.5026063077}, 'HRV_Cd': {'0': 0.4973936923}, 'HRV_GI': {'0': 49.9321573948}, 'HRV_HF': {'0': 0.0890184658}, 'HRV_LF': {'0': 0.0623574157}, 'HRV_PI': {'0': 48.7179487179}, 'HRV_SI': {'0': 49.9539352358}, 'HRV_C1a': {'0': 0.4975016294}, 'HRV_C1d': {'0': 0.5024983706}, 'HRV_C2a': {'0': 0.5068395785}, 'HRV_C2d': {'0': 0.4931604215}, 'HRV_CSI': {'0': 1.0981114104}, 'HRV_CVI': {'0': 6.5519282103}, 'HRV_HFn': {'0': 0.5628498599}, 'HRV_HTI': {'0': 4}, 'HRV_LFn': {'0': 0.3942762031}, 'HRV_PAS': {'0': 0.2903225806}, 'HRV_PIP': {'0': 0.6333333333}, 'HRV_PSS': {'0': 0.8666666667}, 'HRV_SD1': {'0': 450.3818823053}, 'HRV_SD2': {'0': 494.569484001}, 'HRV_ULF': {'0': None}, 'HRV_VHF': {'0': 0.0067807996}, 'HRV_VLF': {'0': None}, 'HRV_ApEn': {'0': 0.7215036033}, 'HRV_CVNN': {'0': 0.3527842547}, 'HRV_CVSD': {'0': 0.4748600006}, 'HRV_IALS': {'0': 0.641025641}, 'HRV_LFHF': {'0': 0.7004997801}, 'HRV_LnHF': {'0': -2.41891145}, 'HRV_SD1a': {'0': 317.6716138362}, 'HRV_SD1d': {'0': 319.2629223059}, 'HRV_SD2a': {'0': 352.097204107}, 'HRV_SD2d': {'0': 347.3133072099}, 'HRV_SDNN': {'0': 471.2021695555}, 'HRV_SDSD': {'0': 636.9361662032}, 'HRV_TINN': {'0': 2420}, 'HRV_IQRNN': {'0': 530}, 'HRV_MCVNN': {'0': 0.2616352941}, 'HRV_MadNN': {'0': 355.824}, 'HRV_RMSSD': {'0': 634.2546740834}, 'HRV_SDNNa': {'0': 335.3264792536}, 'HRV_SDNNd': {'0': 333.5830832974}, 'HRV_pNN20': {'0': 92.5}, 'HRV_pNN50': {'0': 91.6666666667}, 'HRV_MeanNN': {'0': 1335.6666666667}, 'HRV_SD1SD2': {'0': 0.9106544113}, 'HRV_SampEn': {'0': 2.1202635362}, 'HRV_MedianNN': {'0': 1360}, 'HRV_CSI_Modified': {'0': 2172.3695744871}}, 'mode': 'hrv', 'uuid': 'b4ebaf2e-bee8-4b3d-81d4-1ccb4c67c747', 'device': '6D18B021', 'hr_mean': 60.37, 'message': ''}",2021-05-26 12:07:08.112121+00:00,34
158,6D18B021,b4ebaf2e-bee8-4b3d-81d4-1ccb4c67c747,hrv,,94.7368421053,574.4325263012,55.7,"{'HRV': {'HRV_S': {'0': 556225.1965293996}, 'HRV_AI': {'0': 50.3881307657}, 'HRV_Ca': {'0': 0.4858022563}, 'HRV_Cd': {'0': 0.5141977437}, 'HRV_GI': {'0': 50.3642698765}, 'HRV_HF': {'0': 0.1056373862}, 'HRV_LF': {'0': 0.0405439962}, 'HRV_PI': {'0': 51.5151515152}, 'HRV_SI': {'0': 50.3943161888}, 'HRV_C1a': {'0': 0.4819590232}, 'HRV_C1d': {'0': 0.5180409768}, 'HRV_C2a': {'0': 0.4891905461}, 'HRV_C2d': {'0': 0.5108094539}, 'HRV_CSI': {'0': 1.0650404026}, 'HRV_CVI': {'0': 6.4522207681}, 'HRV_HFn': {'0': 0.6735006055}, 'HRV_HTI': {'0': 4.9259259259}, 'HRV_LFn': {'0': 0.2584918747}, 'HRV_PAS': {'0': 0.1351351351}, 'HRV_PIP': {'0': 0.6541353383}, 'HRV_PSS': {'0': 0.9431818182}, 'HRV_SD1': {'0': 407.725009155}, 'HRV_SD2': {'0': 434.2436078836}, 'HRV_ULF': {'0': None}, 'HRV_VHF': {'0': 0.0106668599}, 'HRV_VLF': {'0': None}, 'HRV_ApEn': {'0': 0.7838838321}, 'HRV_CVNN': {'0': 0.3530726717}, 'HRV_CVSD': {'0': 0.4794748713}, 'HRV_IALS': {'0': 0.6666666667}, 'HRV_LFHF': {'0': 0.3838034779}, 'HRV_LnHF': {'0': -2.2477429348}, 'HRV_SD1a': {'0': 283.0612374066}, 'HRV_SD1d': {'0': 293.4657346345}, 'HRV_SD2a': {'0': 303.7193501909}, 'HRV_SD2d': {'0': 310.3579663991}, 'HRV_SDNN': {'0': 422.9969887539}, 'HRV_SDSD': {'0': 576.6102376657}, 'HRV_TINN': {'0': 2200}, 'HRV_IQRNN': {'0': 540}, 'HRV_MCVNN': {'0': 0.3059333333}, 'HRV_MadNN': {'0': 385.476}, 'HRV_RMSSD': {'0': 574.4325263012}, 'HRV_SDNNa': {'0': 293.572059129}, 'HRV_SDNNd': {'0': 302.029969301}, 'HRV_pNN20': {'0': 96.2406015038}, 'HRV_pNN50': {'0': 94.7368421053}, 'HRV_MeanNN': {'0': 1198.045112782}, 'HRV_SD1SD2': {'0': 0.9389315162}, 'HRV_SampEn': {'0': 2.2225423853}, 'HRV_MedianNN': {'0': 1260}, 'HRV_CSI_Modified': {'0': 1849.9479477949}}, 'mode': 'hrv', 'uuid': 'b4ebaf2e-bee8-4b3d-81d4-1ccb4c67c747', 'device': '6D18B021', 'hr_mean': 55.7, 'message': ''}",2021-05-26 12:08:07.485141+00:00,35
159,6D18B021,b4ebaf2e-bee8-4b3d-81d4-1ccb4c67c747,hrv,,93.3333333333,597.4230374821,53.56,"{'HRV': {'HRV_S': {'0': 697098.3494427026}, 'HRV_AI': {'0': 49.3824027833}, 'HRV_Ca': {'0': 0.4917398045}, 'HRV_Cd': {'0': 0.5082601955}, 'HRV_GI': {'0': 49.3228795438}, 'HRV_HF': {'0': 0.0580374868}, 'HRV_LF': {'0': 0.0681276889}, 'HRV_PI': {'0': 50.4201680672}, 'HRV_SI': {'0': 49.2617651472}, 'HRV_C1a': {'0': 0.5089563203}, 'HRV_C1d': {'0': 0.4910436797}, 'HRV_C2a': {'0': 0.4804156692}, 'HRV_C2d': {'0': 0.5195843308}, 'HRV_CSI': {'0': 1.2330904266}, 'HRV_CVI': {'0': 6.5502641644}, 'HRV_HFn': {'0': 0.4472694826}, 'HRV_HTI': {'0': 4.6153846154}, 'HRV_LFn': {'0': 0.5250302498}, 'HRV_PAS': {'0': 0.1428571429}, 'HRV_PIP': {'0': 0.6166666667}, 'HRV_PSS': {'0': 0.8933333333}, 'HRV_SD1': {'0': 424.2038715696}, 'HRV_SD2': {'0': 523.0817329625}, 'HRV_ULF': {'0': None}, 'HRV_VHF': {'0': 0.0035943742}, 'HRV_VLF': {'0': None}, 'HRV_ApEn': {'0': 0.7000280053}, 'HRV_CVNN': {'0': 0.3594818105}, 'HRV_CVSD': {'0': 0.4516238157}, 'HRV_IALS': {'0': 0.6302521008}, 'HRV_LFHF': {'0': 1.173856635}, 'HRV_LnHF': {'0': -2.8466661537}, 'HRV_SD1a': {'0': 302.649318799}, 'HRV_SD1d': {'0': 297.2757665131}, 'HRV_SD2a': {'0': 362.5585370904}, 'HRV_SD2d': {'0': 377.0488118824}, 'HRV_SDNN': {'0': 475.5345215991}, 'HRV_SDSD': {'0': 599.9148683849}, 'HRV_TINN': {'0': 2700}, 'HRV_IQRNN': {'0': 485}, 'HRV_MCVNN': {'0': 0.2786842105}, 'HRV_MadNN': {'0': 370.65}, 'HRV_RMSSD': {'0': 597.4230374821}, 'HRV_SDNNa': {'0': 333.9500733542}, 'HRV_SDNNd': {'0': 339.513392886}, 'HRV_pNN20': {'0': 95.8333333333}, 'HRV_pNN50': {'0': 93.3333333333}, 'HRV_MeanNN': {'0': 1322.8333333333}, 'HRV_SD1SD2': {'0': 0.8109705326}, 'HRV_SampEn': {'0': 1.8245492921}, 'HRV_MedianNN': {'0': 1330}, 'HRV_CSI_Modified': {'0': 2580.0283089986}}, 'mode': 'hrv', 'uuid': 'b4ebaf2e-bee8-4b3d-81d4-1ccb4c67c747', 'device': '6D18B021', 'hr_mean': 53.56, 'message': ''}",2021-05-26 12:09:08.012383+00:00,36
160,6D18B021,b4ebaf2e-bee8-4b3d-81d4-1ccb4c67c747,hrv,,89.3805309735,575.9061183412,55.84,"{'HRV': {'HRV_S': {'0': 629249.0638562171}, 'HRV_AI': {'0': 50.223009219}, 'HRV_Ca': {'0': 0.541637833}, 'HRV_Cd': {'0': 0.458362167}, 'HRV_GI': {'0': 50.0625782228}, 'HRV_HF': {'0': 0.0738156609}, 'HRV_LF': {'0': 0.0481691768}, 'HRV_PI': {'0': 50}, 'HRV_SI': {'0': 49.8882485422}, 'HRV_C1a': {'0': 0.4814735051}, 'HRV_C1d': {'0': 0.5185264949}, 'HRV_C2a': {'0': 0.5836263126}, 'HRV_C2d': {'0': 0.4163736874}, 'HRV_CSI': {'0': 1.1970289341}, 'HRV_CVI': {'0': 6.5057926881}, 'HRV_HFn': {'0': 0.58434082}, 'HRV_HTI': {'0': 4.52}, 'HRV_LFn': {'0': 0.381317676}, 'HRV_PAS': {'0': 0.2592592593}, 'HRV_PIP': {'0': 0.6637168142}, 'HRV_PSS': {'0': 0.9}, 'HRV_SD1': {'0': 409.0571881049}, 'HRV_SD2': {'0': 489.6532898622}, 'HRV_ULF': {'0': None}, 'HRV_VHF': {'0': 0.0043381204}, 'HRV_VLF': {'0': None}, 'HRV_ApEn': {'0': 0.6711337024}, 'HRV_CVNN': {'0': 0.3210759367}, 'HRV_CVSD': {'0': 0.409962148}, 'HRV_IALS': {'0': 0.6603773585}, 'HRV_LFHF': {'0': 0.6525603944}, 'HRV_LnHF': {'0': -2.606184362}, 'HRV_SD1a': {'0': 283.8379184745}, 'HRV_SD1d': {'0': 294.5572337661}, 'HRV_SD2a': {'0': 374.072781186}, 'HRV_SD2d': {'0': 315.9586976943}, 'HRV_SDNN': {'0': 451.0406565162}, 'HRV_SDSD': {'0': 578.4942232041}, 'HRV_TINN': {'0': 2380}, 'HRV_IQRNN': {'0': 440}, 'HRV_MCVNN': {'0': 0.2505802817}, 'HRV_MadNN': {'0': 355.824}, 'HRV_RMSSD': {'0': 575.9061183412}, 'HRV_SDNNa': {'0': 332.0349451399}, 'HRV_SDNNd': {'0': 305.4454637187}, 'HRV_pNN20': {'0': 92.9203539823}, 'HRV_pNN50': {'0': 89.3805309735}, 'HRV_MeanNN': {'0': 1404.7787610619}, 'HRV_SD1SD2': {'0': 0.8354016946}, 'HRV_SampEn': {'0': 1.5686159179}, 'HRV_MedianNN': {'0': 1420}, 'HRV_CSI_Modified': {'0': 2344.5166225644}}, 'mode': 'hrv', 'uuid': 'b4ebaf2e-bee8-4b3d-81d4-1ccb4c67c747', 'device': '6D18B021', 'hr_mean': 55.84, 'message': ''}",2021-05-26 12:10:08.137196+00:00,37
161,6D18B021,b4ebaf2e-bee8-4b3d-81d4-1ccb4c67c747,hrv,,93.5483870968,574.3798352327,56.3,"{'HRV': {'HRV_S': {'0': 629243.1862937316}, 'HRV_AI': {'0': 49.7729987866}, 'HRV_Ca': {'0': 0.4994368675}, 'HRV_Cd': {'0': 0.5005631325}, 'HRV_GI': {'0': 49.4080779944}, 'HRV_HF': {'0': 0.0505064847}, 'HRV_LF': {'0': 0.0484731085}, 'HRV_PI': {'0': 52.5}, 'HRV_SI': {'0': 48.943834161}, 'HRV_C1a': {'0': 0.479605315}, 'HRV_C1d': {'0': 0.520394685}, 'HRV_C2a': {'0': 0.5131080628}, 'HRV_C2d': {'0': 0.4868919372}, 'HRV_CSI': {'0': 1.2044679}, 'HRV_CVI': {'0': 6.5057886315}, 'HRV_HFn': {'0': 0.4937030076}, 'HRV_HTI': {'0': 4.7692307692}, 'HRV_LFn': {'0': 0.4738266698}, 'HRV_PAS': {'0': 0.2058823529}, 'HRV_PIP': {'0': 0.6612903226}, 'HRV_PSS': {'0': 0.9382716049}, 'HRV_SD1': {'0': 407.7901292955}, 'HRV_SD2': {'0': 491.1701206626}, 'HRV_ULF': {'0': None}, 'HRV_VHF': {'0': 0.0033217579}, 'HRV_VLF': {'0': None}, 'HRV_ApEn': {'0': 0.707425219}, 'HRV_CVNN': {'0': 0.3547992601}, 'HRV_CVSD': {'0': 0.4517512341}, 'HRV_IALS': {'0': 0.675}, 'HRV_LFHF': {'0': 0.9597402943}, 'HRV_LnHF': {'0': -2.9856535401}, 'HRV_SD1a': {'0': 282.42219297}, 'HRV_SD1d': {'0': 294.1868481753}, 'HRV_SD2a': {'0': 351.8328279138}, 'HRV_SD2d': {'0': 342.7269301264}, 'HRV_SDNN': {'0': 451.1100915662}, 'HRV_SDSD': {'0': 576.7023314516}, 'HRV_TINN': {'0': 2440}, 'HRV_IQRNN': {'0': 475}, 'HRV_MCVNN': {'0': 0.2544761194}, 'HRV_MadNN': {'0': 340.998}, 'HRV_RMSSD': {'0': 574.3798352327}, 'HRV_SDNNa': {'0': 319.0208722637}, 'HRV_SDNNd': {'0': 319.3803768809}, 'HRV_pNN20': {'0': 96.7741935484}, 'HRV_pNN50': {'0': 93.5483870968}, 'HRV_MeanNN': {'0': 1271.4516129032}, 'HRV_SD1SD2': {'0': 0.8302421343}, 'HRV_SampEn': {'0': 1.7491998548}, 'HRV_MedianNN': {'0': 1340}, 'HRV_CSI_Modified': {'0': 2366.3945750572}}, 'mode': 'hrv', 'uuid': 'b4ebaf2e-bee8-4b3d-81d4-1ccb4c67c747', 'device': '6D18B021', 'hr_mean': 56.3, 'message': ''}",2021-05-26 12:11:08.370523+00:00,38
